OBJECTID,ADE,GF,BSG,ARS,AGS,SDV_ARS,GEN,BEZ,IBZ,BEM,NBD,SN_L,SN_R,SN_K,SN_V1,SN_V2,SN_G,FK_S3,NUTS,ARS_0,AGS_0,WSK,DEBKG_ID,SHAPE_Length,SHAPE_Area
1,4,4,1,01001,01001,010010000000,Flensburg,Kreisfreie Stadt,40,--,ja,01,0,01,00,00,000,R,DEF01,010010000000,01001000,2008/01/01 00:00:00+00,DEBKGDL20000002R,74401.8521164884,-147888382.403327
2,4,4,1,01002,01002,010020000000,Kiel,Kreisfreie Stadt,40,--,ja,01,0,02,00,00,000,R,DEF02,010020000000,01002000,2006/01/01 00:00:00+00,DEBKGDL20000E43X,178533.720591499,-329543732.505963
3,4,4,1,01003,01003,010030000000,Lübeck,Kreisfreie Stadt,40,--,ja,01,0,03,00,00,000,R,DEF03,010030000000,01003000,2006/02/01 00:00:00+00,DEBKGDL20000DYM9,248173.021464288,-607737852.993863
4,4,4,1,01004,01004,010040000000,Neumünster,Kreisfreie Stadt,40,--,ja,01,0,04,00,00,000,R,DEF04,010040000000,01004000,1970/04/26 00:00:00+00,DEBKGDL20000E4KX,92616.6616038559,-208404971.886874
5,4,4,1,01051,01051,010510044044,Dithmarschen,Kreis,42,--,ja,01,0,51,00,00,000,R,DEF05,010510000000,01051000,2011/08/01 00:00:00+00,DEBKGDL20000E14G,428093.513180314,-4153091595.41511
6,4,4,1,01053,01053,010530100100,Herzogtum Lauenburg,Kreis,42,--,ja,01,0,53,00,00,000,R,DEF06,010530000000,01053000,2009/01/01 00:00:00+00,DEBKGDL20000DYKR,431819.835909109,-3577283037.74518
7,4,4,1,01054,01054,010540056056,Nordfriesland,Kreis,42,--,ja,01,0,54,00,00,000,R,DEF07,010540000000,01054000,2016/01/01 00:00:00+00,DEBKGDL20000002Z,1102854.5192466,-6220093658.80022
8,4,4,1,01055,01055,010550012012,Ostholstein,Kreis,42,--,ja,01,0,55,00,00,000,R,DEF08,010550000000,01055000,2010/01/01 00:00:00+00,DEBKGDL200000026,616623.501190768,-4041815740.82899
9,4,4,1,01056,01056,010560039039,Pinneberg,Kreis,42,--,ja,01,0,56,00,00,000,R,DEF09,010560000000,01056000,2009/01/01 00:00:00+00,DEBKGDL20000E44B,314499.915840408,-1818032037.77966
10,4,4,1,01057,01057,010570057057,Plön,Kreis,42,--,ja,01,0,57,00,00,000,R,DEF0A,010570000000,01057000,2009/01/01 00:00:00+00,DEBKGDL20000002K,390575.81067488,-3164950992.53306
11,4,4,1,01058,01058,010580135135,Rendsburg-Eckernförde,Kreis,42,--,ja,01,0,58,00,00,000,R,DEF0B,010580000000,01058000,2014/02/01 00:00:00+00,DEBKGDL20000E5OD,635460.991699284,-6353770750.21707
12,4,4,1,01059,01059,010590075075,Schleswig-Flensburg,Kreis,42,--,ja,01,0,59,00,00,000,R,DEF0C,010590000000,01059000,2016/01/01 00:00:00+00,DEBKGDL20000E6CZ,754563.017592351,-5926728541.94609
13,4,4,1,01060,01060,010600005005,Segeberg,Kreis,42,--,ja,01,0,60,00,00,000,R,DEF0D,010600000000,01060000,2010/01/01 00:00:00+00,DEBKGDL20000E6GP,487503.079649554,-3871781275.80405
14,4,4,1,01061,01061,010610046046,Steinburg,Kreis,42,--,ja,01,0,61,00,00,000,R,DEF0E,010610000000,01061000,2009/01/01 00:00:00+00,DEBKGDL20000E3LU,350752.405529344,-2931219089.89868
15,4,4,1,01062,01062,010620004004,Stormarn,Kreis,42,--,ja,01,0,62,00,00,000,R,DEF0F,010620000000,01062000,2010/01/01 00:00:00+00,DEBKGDL20000E05T,429743.118889646,-2183511123.65485
16,4,4,1,02000,02000,020000000000,Hamburg,Kreisfreie Stadt,40,--,ja,02,0,00,00,00,000,R,DE600,020000000000,02000000,1974/01/01 00:00:00+00,DEBKGDL20000E6GN,394822.420636193,-2099240209.87067
17,4,4,1,03101,03101,031010000000,Braunschweig,Kreisfreie Stadt,40,--,ja,03,1,01,00,00,000,K,DE911,031010000000,03101000,1974/03/01 00:00:00+00,DEBKGDL20000E3JY,157254.243945284,-512671793.079149
18,4,4,1,03102,03102,031020000000,Salzgitter,Kreisfreie Stadt,40,--,ja,03,1,02,00,00,000,K,DE912,031020000000,03102000,1974/03/01 00:00:00+00,DEBKGDL20000E1GA,178143.763831161,-596582509.491977
19,4,4,1,03103,03103,031030000000,Wolfsburg,Kreisfreie Stadt,40,--,ja,03,1,03,00,00,000,K,DE913,031030000000,03103000,1972/07/01 00:00:00+00,DEBKGDL20000E5XP,149878.441360812,-549760505.764513
20,4,4,1,03151,03151,031510009009,Gifhorn,Landkreis,43,--,ja,03,1,51,00,00,000,K,DE914,031510000000,03151000,2009/01/01 00:00:00+00,DEBKGDL20000E1XV,463685.428133802,-4242609121.36689
21,4,4,1,03153,03153,031530017017,Goslar,Landkreis,43,--,ja,03,1,53,00,00,000,K,DE916,031530000000,03153000,2014/01/01 00:00:00+00,DEBKGDL20000E1L0,378421.785505546,-2538755734.44524
22,4,4,1,03154,03154,031540028028,Helmstedt,Landkreis,43,--,ja,03,1,54,00,00,000,K,DE917,031540000000,03154000,2017/07/01 00:00:00+00,DEBKGDL20000E5XI,377633.387540659,-1800667176.22695
23,4,4,1,03155,03155,031550011011,Northeim,Landkreis,43,--,ja,03,1,55,00,00,000,K,DE918,031550000000,03155000,2009/01/01 00:00:00+00,DEBKGDL20000DZVG,369423.228631549,-3306414922.81088
24,4,4,1,03157,03157,031570006006,Peine,Landkreis,43,--,ja,03,1,57,00,00,000,K,DE91A,031570000000,03157000,2009/01/01 00:00:00+00,DEBKGDL20000E06B,244308.810843328,-1431435124.82385
25,4,4,1,03158,03158,031580037037,Wolfenbüttel,Landkreis,43,--,ja,03,1,58,00,00,000,K,DE91B,031580000000,03158000,2009/01/01 00:00:00+00,DEBKGDL20000E4D9,350958.518887797,-1918016320.18167
26,4,4,1,03159,03159,031590016016,Göttingen,Landkreis,43,--,ja,03,1,59,00,00,000,K,DE91C,031590000000,03159000,2016/11/01 00:00:00+00,DEBKGDL20000E6F2,619617.415983824,-4534315154.52456
27,4,4,1,03241,03241,032410001001,Region Hannover,Landkreis,45,Sonderverband,nein,03,2,41,00,00,000,K,DE929,032410000000,03241000,2009/01/01 00:00:00+00,DEBKGDL20000E6YZ,620839.512438657,-6166625834.29682
28,4,4,1,03251,03251,032510012012,Diepholz,Landkreis,43,--,ja,03,2,51,00,00,000,K,DE922,032510000000,03251000,2009/01/01 00:00:00+00,DEBKGDL20000E3FV,509482.892703283,-5419444639.07608
29,4,4,1,03252,03252,032520006006,Hameln-Pyrmont,Landkreis,43,--,ja,03,2,52,00,00,000,K,DE923,032520000000,03252000,2009/01/01 00:00:00+00,DEBKGDL20000E0TW,341218.7675157,-2110398166.14206
30,4,4,1,03254,03254,032540021021,Hildesheim,Landkreis,43,--,ja,03,2,54,00,00,000,K,DE925,032540000000,03254000,2009/01/01 00:00:00+00,DEBKGDL20000E6YX,408344.312814233,-3194118736.07284
31,4,4,1,03255,03255,032550023023,Holzminden,Landkreis,43,--,ja,03,2,55,00,00,000,K,DE926,032550000000,03255000,2009/01/01 00:00:00+00,DEBKGDL20000DZE1,306097.332468199,-1819581854.29728
32,4,4,1,03256,03256,032560022022,Nienburg (Weser),Landkreis,43,--,ja,03,2,56,00,00,000,K,DE927,032560000000,03256000,2009/01/01 00:00:00+00,DEBKGDL20000E15O,522847.171621756,-3792577187.61649
33,4,4,1,03257,03257,032570035035,Schaumburg,Landkreis,43,--,ja,03,2,57,00,00,000,K,DE928,032570000000,03257000,2009/01/01 00:00:00+00,DEBKGDL20000E2WJ,336702.511375636,-1804730418.00447
34,4,4,1,03351,03351,033510006006,Celle,Landkreis,43,--,ja,03,3,51,00,00,000,K,DE931,033510000000,03351000,2009/01/01 00:00:00+00,DEBKGDL20000DXIJ,405909.518376346,-4217844104.71266
35,4,4,1,03352,03352,033520011011,Cuxhaven,Landkreis,43,--,ja,03,3,52,00,00,000,K,DE932,033520000000,03352000,2010/01/01 00:00:00+00,DEBKGDL20000E0P8,519672.372205358,-5839085253.4247
36,4,4,1,03353,03353,033530040040,Harburg,Landkreis,43,--,ja,03,3,53,00,00,000,K,DE933,033530000000,03353000,2009/01/01 00:00:00+00,DEBKGDL20000DZPG,429332.594499354,-3493397373.06404
37,4,4,1,03354,03354,033545407018,Lüchow-Dannenberg,Landkreis,43,--,ja,03,3,54,00,00,000,K,DE934,033540000000,03354000,2009/01/01 00:00:00+00,DEBKGDL20000DZUD,378311.823247797,-3382971691.0156
38,4,4,1,03355,03355,033550022022,Lüneburg,Landkreis,43,--,ja,03,3,55,00,00,000,K,DE935,033550000000,03355000,2014/11/01 00:00:00+00,DEBKGDL20000DYLA,531418.010017987,-3698139172.97233
39,4,4,1,03356,03356,033560007007,Osterholz,Landkreis,43,--,ja,03,3,56,00,00,000,K,DE936,033560000000,03356000,2009/01/01 00:00:00+00,DEBKGDL20000E09K,300118.987649493,-1821567491.50209
40,4,4,1,03357,03357,033570039039,Rotenburg (Wümme),Landkreis,43,--,ja,03,3,57,00,00,000,K,DE937,033570000000,03357000,2009/01/01 00:00:00+00,DEBKGDL20000E1F3,590284.754934472,-5782250253.99309
41,4,4,1,03358,03358,033580008008,Heidekreis,Landkreis,43,--,nein,03,3,58,00,00,000,K,DE938,033580000000,03358000,2011/08/01 00:00:00+00,DEBKGDL20000E1F5,605320.044868418,-5169026776.0455
42,4,4,1,03359,03359,033590038038,Stade,Landkreis,43,--,ja,03,3,59,00,00,000,K,DE939,033590000000,03359000,2009/01/01 00:00:00+00,DEBKGDL20000E1SP,504810.426449699,-3423846386.8185
43,4,4,1,03360,03360,033600025025,Uelzen,Landkreis,43,--,ja,03,3,60,00,00,000,K,DE93A,033600000000,03360000,2009/01/01 00:00:00+00,DEBKGDL20000DZUC,366172.891353528,-4026790361.33942
44,4,4,1,03361,03361,033610012012,Verden,Landkreis,43,--,ja,03,3,61,00,00,000,K,DE93B,033610000000,03361000,2009/01/01 00:00:00+00,DEBKGDL20000E03U,372824.013483504,-2171938543.54534
45,4,4,1,03401,03401,034010000000,Delmenhorst,Kreisfreie Stadt,40,--,ja,03,4,01,00,00,000,K,DE941,034010000000,03401000,1974/03/01 00:00:00+00,DEBKGDL20000E023,76890.4957788481,-172498998.318411
46,4,4,1,03402,03402,034020000000,Emden,Kreisfreie Stadt,40,--,ja,03,4,02,00,00,000,K,DE942,034020000000,03402000,2004/12/31 00:00:00+00,DEBKGDL20000003X,113974.276815631,-311608995.65871
47,4,4,1,03403,03403,034030000000,Oldenburg (Oldb),Kreisfreie Stadt,40,--,ja,03,4,03,00,00,000,K,DE943,034030000000,03403000,2001/11/13 00:00:00+00,DEBKGDL20000DZLX,86704.1903714248,-287730906.673428
48,4,4,1,03404,03404,034040000000,Osnabrück,Kreisfreie Stadt,40,--,ja,03,4,04,00,00,000,K,DE944,034040000000,03404000,1972/07/01 00:00:00+00,DEBKGDL20000E70G,118470.392474309,-320534342.42902
49,4,4,1,03405,03405,034050000000,Wilhelmshaven,Kreisfreie Stadt,40,--,ja,03,4,05,00,00,000,K,DE945,034050000000,03405000,2005/04/23 00:00:00+00,DEBKGDL20000003Y,96614.8509512327,-304054529.212103
50,4,4,1,03451,03451,034510007007,Ammerland,Landkreis,43,--,ja,03,4,51,00,00,000,K,DE946,034510000000,03451000,2009/01/01 00:00:00+00,DEBKGDL20000E1YA,256796.562224596,-2032297263.44774
51,4,4,1,03452,03452,034520001001,Aurich,Landkreis,43,--,ja,03,4,52,00,00,000,K,DE947,034520000000,03452000,2009/01/01 00:00:00+00,DEBKGDL20000E5TF,607481.619302517,-3658095115.5218
52,4,4,1,03453,03453,034530004004,Cloppenburg,Landkreis,43,--,ja,03,4,53,00,00,000,K,DE948,034530000000,03453000,2009/01/01 00:00:00+00,DEBKGDL20000E368,378133.696529474,-3900561465.35291
53,4,4,1,03454,03454,034540035035,Emsland,Landkreis,43,--,ja,03,4,54,00,00,000,K,DE949,034540000000,03454000,2009/01/01 00:00:00+00,DEBKGDL20000E22F,495723.378943613,-7852857131.24577
54,4,4,1,03455,03455,034550007007,Friesland,Landkreis,43,--,ja,03,4,55,00,00,000,K,DE94A,034550000000,03455000,2009/01/01 00:00:00+00,DEBKGDL20000003L,349171.368060102,-1746357211.05233
55,4,4,1,03456,03456,034560015015,Grafschaft Bentheim,Landkreis,43,--,ja,03,4,56,00,00,000,K,DE94B,034560000000,03456000,2009/01/01 00:00:00+00,DEBKGDL20000E06Q,318124.916500506,-2642614760.47979
56,4,4,1,03457,03457,034570013013,Leer,Landkreis,43,--,ja,03,4,57,00,00,000,K,DE94C,034570000000,03457000,2009/01/01 00:00:00+00,DEBKGDL20000002T,387768.627440691,-2974291591.00618
57,4,4,1,03458,03458,034580014014,Oldenburg,Landkreis,43,--,ja,03,4,58,00,00,000,K,DE94D,034580000000,03458000,2009/01/01 00:00:00+00,DEBKGDL20000E3FX,329028.595880403,-2933638132.90067
58,4,4,1,03459,03459,034040000000,Osnabrück,Landkreis,43,--,ja,03,4,59,00,00,000,K,DE94E,034590000000,03459000,1998/04/01 00:00:00+00,DEBKGDL20000E70E,614376.916715997,-5683371123.1886
59,4,4,1,03460,03460,034600009009,Vechta,Landkreis,43,--,ja,03,4,60,00,00,000,K,DE94F,034600000000,03460000,2009/01/01 00:00:00+00,DEBKGDL20000E1VY,288775.235199735,-2208237648.03114
60,4,4,1,03461,03461,034610002002,Wesermarsch,Landkreis,43,--,ja,03,4,61,00,00,000,K,DE94G,034610000000,03461000,2009/01/01 00:00:00+00,DEBKGDL20000E29G,337859.963482899,-2320226028.90472
61,4,4,1,03462,03462,034620019019,Wittmund,Landkreis,43,--,ja,03,4,62,00,00,000,K,DE94H,034620000000,03462000,2009/01/01 00:00:00+00,DEBKGDL20000DZZH,399695.085812053,-1868562623.60911
62,4,4,1,04011,04011,040110000000,Bremen,Kreisfreie Stadt,40,--,ja,04,0,11,00,00,000,R,DE501,040110000000,04011000,2002/01/01 00:00:00+00,DEBKGDL20000E0SG,254079.206932067,-902607890.502265
63,4,4,1,04012,04012,040120000000,Bremerhaven,Kreisfreie Stadt,40,--,ja,04,0,12,00,00,000,R,DE502,040120000000,04012000,2010/01/01 00:00:00+00,DEBKGDL20000001Q,112586.275312969,-216779799.248498
64,4,4,1,05111,05111,051110000000,Düsseldorf,Kreisfreie Stadt,40,--,ja,05,1,11,00,00,000,R,DEA11,051110000000,05111000,1980/01/01 00:00:00+00,DEBKGDL20000E3B7,179166.389891517,-553887191.886483
65,4,4,1,05112,05112,051120000000,Duisburg,Kreisfreie Stadt,40,--,ja,05,1,12,00,00,000,R,DEA12,051120000000,05112000,1975/01/01 00:00:00+00,DEBKGDL20000DYMR,153160.815844815,-599086336.540671
66,4,4,1,05113,05113,051130000000,Essen,Kreisfreie Stadt,40,--,ja,05,1,13,00,00,000,R,DEA13,051130000000,05113000,2006/10/01 00:00:00+00,DEBKGDL20000E4ZN,130206.51830877,-540743561.276382
67,4,4,1,05114,05114,051140000000,Krefeld,Kreisfreie Stadt,40,--,ja,05,1,14,00,00,000,R,DEA14,051140000000,05114000,2001/02/01 00:00:00+00,DEBKGDL20000DW8W,101757.099416952,-349595669.340141
68,4,4,1,05116,05116,051160000000,Mönchengladbach,Kreisfreie Stadt,40,--,ja,05,1,16,00,00,000,R,DEA15,051160000000,05116000,1995/07/01 00:00:00+00,DEBKGDL20000DY9F,134130.035036199,-433333837.539702
69,4,4,1,05117,05117,051170000000,Mülheim an der Ruhr,Kreisfreie Stadt,40,--,ja,05,1,17,00,00,000,R,DEA16,051170000000,05117000,1975/01/01 00:00:00+00,DEBKGDL20000E4ZP,76337.126110168,-234328491.747222
70,4,4,1,05119,05119,051190000000,Oberhausen,Kreisfreie Stadt,40,--,ja,05,1,19,00,00,000,R,DEA17,051190000000,05119000,2006/10/01 00:00:00+00,DEBKGDL20000E2H1,75702.5312372527,-199768001.152133
71,4,4,1,05120,05120,051200000000,Remscheid,Kreisfreie Stadt,40,--,ja,05,1,20,00,00,000,R,DEA18,051200000000,05120000,1975/01/01 00:00:00+00,DEBKGDL20000E6Z3,74227.9890395803,-188275007.123242
72,4,4,1,05122,05122,051220000000,Solingen,Kreisfreie Stadt,40,--,ja,05,1,22,00,00,000,R,DEA19,051220000000,05122000,1975/01/01 00:00:00+00,DEBKGDL20000DWDD,96712.3542848094,-225974167.576516
73,4,4,1,05124,05124,051240000000,Wuppertal,Kreisfreie Stadt,40,--,ja,05,1,24,00,00,000,R,DEA1A,051240000000,05124000,1975/01/01 00:00:00+00,DEBKGDL20000E6X8,139101.623797982,-429327025.236865
74,4,4,1,05154,05154,051540036036,Kleve,Kreis,42,--,ja,05,1,54,00,00,000,R,DEA1B,051540000000,05154000,2009/01/01 00:00:00+00,DEBKGDL20000E1N2,440789.224689622,-3199422871.2904
75,4,4,1,05158,05158,051580024024,Mettmann,Kreis,42,--,ja,05,1,58,00,00,000,R,DEA1C,051580000000,05158000,2009/01/01 00:00:00+00,DEBKGDL20000E6T2,284822.909845306,-1039926977.46544
76,4,4,1,05162,05162,051620024024,Rhein-Kreis Neuss,Kreis,42,--,nein,05,1,62,00,00,000,R,DEA1D,051620000000,05162000,2009/01/01 00:00:00+00,DEBKGDL20000DW9F,272859.965166432,-1463037804.91741
77,4,4,1,05166,05166,051660032032,Viersen,Kreis,42,--,ja,05,1,66,00,00,000,R,DEA1E,051660000000,05166000,2009/01/01 00:00:00+00,DEBKGDL20000E07Q,237764.807999743,-1438518937.36851
78,4,4,1,05170,05170,051700048048,Wesel,Kreis,42,--,ja,05,1,70,00,00,000,R,DEA1F,051700000000,05170000,2009/01/01 00:00:00+00,DEBKGDL20000DZWU,380751.913537934,-2700668522.34582
79,4,4,1,05314,05314,053140000000,Bonn,Kreisfreie Stadt,40,--,ja,05,3,14,00,00,000,R,DEA22,053140000000,05314000,1969/08/01 00:00:00+00,DEBKGDL20000E68K,103171.989633108,-352679340.203104
80,4,4,1,05315,05315,053150000000,Köln,Kreisfreie Stadt,40,--,ja,05,3,15,00,00,000,R,DEA23,053150000000,05315000,1976/06/01 00:00:00+00,DEBKGDL20000E005,194677.133286666,-1023275383.77289
81,4,4,1,05316,05316,053160000000,Leverkusen,Kreisfreie Stadt,40,--,ja,05,3,16,00,00,000,R,DEA24,053160000000,05316000,1975/01/01 00:00:00+00,DEBKGDL20000E1YY,83230.0452907987,-199099220.03974
82,4,4,1,05334,05334,053340002002,Städteregion Aachen,Kreis,46,Sonderverband,nein,05,3,34,00,00,000,R,DEA2D,053340000000,05334000,2009/10/21 00:00:00+00,DEBKGDL20000HJU7,426315.765896858,-1755789445.40456
83,4,4,1,05358,05358,053580008008,Düren,Kreis,42,--,ja,05,3,58,00,00,000,R,DEA26,053580000000,05358000,2009/01/01 00:00:00+00,DEBKGDL20000E10L,378104.830327843,-2353030230.51903
84,4,4,1,05362,05362,053620008008,Rhein-Erft-Kreis,Kreis,42,--,nein,05,3,62,00,00,000,R,DEA27,053620000000,05362000,2009/01/01 00:00:00+00,DEBKGDL20000E0B2,308384.707531882,-1765392487.14487
85,4,4,1,05366,05366,053660016016,Euskirchen,Kreis,42,--,ja,05,3,66,00,00,000,R,DEA28,053660000000,05366000,2009/01/01 00:00:00+00,DEBKGDL20000E4EB,456345.640864062,-3091020826.16157
86,4,4,1,05370,05370,053700016016,Heinsberg,Kreis,42,--,ja,05,3,70,00,00,000,R,DEA29,053700000000,05370000,2009/01/01 00:00:00+00,DEBKGDL20000DX0T,263989.330081018,-1585085638.93184
87,4,4,1,05374,05374,053740012012,Oberbergischer Kreis,Kreis,42,--,nein,05,3,74,00,00,000,R,DEA2A,053740000000,05374000,2009/01/01 00:00:00+00,DEBKGDL20000E6H4,355600.523851143,-2316577832.12631
88,4,4,1,05378,05378,053780004004,Rheinisch-Bergischer Kreis,Kreis,42,--,nein,05,3,78,00,00,000,R,DEA2B,053780000000,05378000,2009/01/01 00:00:00+00,DEBKGDL20000E3LJ,264118.143404675,-1105751869.4413
89,4,4,1,05382,05382,053820060060,Rhein-Sieg-Kreis,Kreis,42,--,nein,05,3,82,00,00,000,R,DEA2C,053820000000,05382000,2009/01/01 00:00:00+00,DEBKGDL20000E4W8,498531.602264993,-2876168217.24483
90,4,4,1,05512,05512,055120000000,Bottrop,Kreisfreie Stadt,40,--,ja,05,5,12,00,00,000,R,DEA31,055120000000,05512000,1976/07/01 00:00:00+00,DEBKGDL20000E3DX,92715.4958206632,-259112068.177032
91,4,4,1,05513,05513,055130000000,Gelsenkirchen,Kreisfreie Stadt,40,--,ja,05,5,13,00,00,000,R,DEA32,055130000000,05513000,2002/11/01 00:00:00+00,DEBKGDL20000DWDA,91908.0190348803,-271956967.803389
92,4,4,1,05515,05515,055150000000,Münster,Kreisfreie Stadt,40,--,ja,05,5,15,00,00,000,R,DEA33,055150000000,05515000,1975/01/01 00:00:00+00,DEBKGDL20000E23Y,168836.370226839,-797885864.49146
93,4,4,1,05554,05554,055540012012,Borken,Kreis,42,--,ja,05,5,54,00,00,000,R,DEA34,055540000000,05554000,2009/01/01 00:00:00+00,DEBKGDL20000E5UN,439524.383341325,-3737446117.45184
94,4,4,1,05558,05558,055580012012,Coesfeld,Kreis,42,--,ja,05,5,58,00,00,000,R,DEA35,055580000000,05558000,2009/01/01 00:00:00+00,DEBKGDL20000E0XU,353667.208637047,-2912548479.86239
95,4,4,1,05562,05562,055620032032,Recklinghausen,Kreis,42,--,ja,05,5,62,00,00,000,R,DEA36,055620000000,05562000,2009/01/01 00:00:00+00,DEBKGDL20000E44N,314821.323750369,-1976673131.41945
96,4,4,1,05566,05566,055660084084,Steinfurt,Kreis,42,--,ja,05,5,66,00,00,000,R,DEA37,055660000000,05566000,2009/01/01 00:00:00+00,DEBKGDL20000E22T,413253.544582197,-4774204990.77099
97,4,4,1,05570,05570,055700052052,Warendorf,Kreis,42,--,ja,05,5,70,00,00,000,R,DEA38,055700000000,05570000,2009/01/01 00:00:00+00,DEBKGDL20000E22S,386753.029546446,-3453226802.28479
98,4,4,1,05711,05711,057110000000,Bielefeld,Kreisfreie Stadt,40,--,ja,05,7,11,00,00,000,R,DEA41,057110000000,05711000,1973/01/01 00:00:00+00,DEBKGDL20000E4DX,159315.65692485,-683043353.578091
99,4,4,1,05754,05754,057540008008,Gütersloh,Kreis,42,--,ja,05,7,54,00,00,000,R,DEA42,057540000000,05754000,2009/01/01 00:00:00+00,DEBKGDL20000E453,342407.278140832,-2546151365.40932
100,4,4,1,05758,05758,057580012012,Herford,Kreis,42,--,ja,05,7,58,00,00,000,R,DEA43,057580000000,05758000,2009/01/01 00:00:00+00,DEBKGDL20000E22B,247620.663215402,-1195966394.05909
101,4,4,1,05762,05762,057620020020,Höxter,Kreis,42,--,ja,05,7,62,00,00,000,R,DEA44,057620000000,05762000,2009/01/01 00:00:00+00,DEBKGDL20000E5W8,348658.550832461,-3119023862.90369
102,4,4,1,05766,05766,057660020020,Lippe,Kreis,42,--,ja,05,7,66,00,00,000,R,DEA45,057660000000,05766000,2009/01/01 00:00:00+00,DEBKGDL20000E6AS,381646.241577583,-3278848702.71388
103,4,4,1,05770,05770,057700024024,Minden-Lübbecke,Kreis,42,--,ja,05,7,70,00,00,000,R,DEA46,057700000000,05770000,2009/01/01 00:00:00+00,DEBKGDL20000DZK4,427031.305340187,-3082625209.75357
104,4,4,1,05774,05774,057740032032,Paderborn,Kreis,42,--,ja,05,7,74,00,00,000,R,DEA47,057740000000,05774000,2009/01/01 00:00:00+00,DEBKGDL20000E454,329545.4590902,-3235756415.21585
105,4,4,1,05911,05911,059110000000,Bochum,Kreisfreie Stadt,40,--,ja,05,9,11,00,00,000,R,DEA51,059110000000,05911000,1975/01/01 00:00:00+00,DEBKGDL20000E45Q,102725.233782366,-372690404.12362
106,4,4,1,05913,05913,059130000000,Dortmund,Kreisfreie Stadt,40,--,ja,05,9,13,00,00,000,R,DEA52,059130000000,05913000,1975/01/01 00:00:00+00,DEBKGDL20000E44H,157866.043012994,-721101014.813999
107,4,4,1,05914,05914,059140000000,Hagen,Kreisfreie Stadt,40,--,ja,05,9,14,00,00,000,R,DEA53,059140000000,05914000,1999/02/01 00:00:00+00,DEBKGDL20000E1OJ,136154.671448559,-410426213.017085
108,4,4,1,05915,05915,059150000000,Hamm,Kreisfreie Stadt,40,--,ja,05,9,15,00,00,000,R,DEA54,059150000000,05915000,2003/03/01 00:00:00+00,DEBKGDL20000DYN9,150565.579157364,-591009721.005059
109,4,4,1,05916,05916,059160000000,Herne,Kreisfreie Stadt,40,--,ja,05,9,16,00,00,000,R,DEA55,059160000000,05916000,2002/11/01 00:00:00+00,DEBKGDL20000DWD8,63613.8311247654,-132925411.964936
110,4,4,1,05954,05954,059540024024,Ennepe-Ruhr-Kreis,Kreis,42,--,nein,05,9,54,00,00,000,R,DEA56,059540000000,05954000,2009/01/01 00:00:00+00,DEBKGDL20000E45O,268403.554973622,-1051683391.97455
111,4,4,1,05958,05958,059580032032,Hochsauerlandkreis,Kreis,42,--,nein,05,9,58,00,00,000,R,DEA57,059580000000,05958000,2009/11/01 00:00:00+00,DEBKGDL20000DYKC,554650.389000842,-5008076974.93771
112,4,4,1,05962,05962,059620032032,Märkischer Kreis,Kreis,42,--,nein,05,9,62,00,00,000,R,DEA58,059620000000,05962000,2009/01/01 00:00:00+00,DEBKGDL20000E12D,326719.855270708,-2704947311.05523
113,4,4,1,05966,05966,059660024024,Olpe,Kreis,42,--,ja,05,9,66,00,00,000,R,DEA59,059660000000,05966000,2009/01/01 00:00:00+00,DEBKGDL20000DZXQ,305522.67513834,-1801759457.62709
114,4,4,1,05970,05970,059700040040,Siegen-Wittgenstein,Kreis,42,--,ja,05,9,70,00,00,000,R,DEA5A,059700000000,05970000,2009/01/01 00:00:00+00,DEBKGDL20000E1WH,351791.941484794,-2851833282.82379
115,4,4,1,05974,05974,059740040040,Soest,Kreis,42,--,ja,05,9,74,00,00,000,R,DEA5B,059740000000,05974000,2009/01/01 00:00:00+00,DEBKGDL20000E47C,353924.702774652,-3434983859.55015
116,4,4,1,05978,05978,059780036036,Unna,Kreis,42,--,ja,05,9,78,00,00,000,R,DEA5C,059780000000,05978000,2009/01/01 00:00:00+00,DEBKGDL20000E367,320852.825507118,-1403407520.56472
117,4,4,1,06411,06411,064110000000,Darmstadt,Kreisfreie Stadt,40,--,ja,06,4,11,00,00,000,R,DE711,064110000000,06411000,1977/01/01 00:00:00+00,DEBKGDL20000DZD5,97705.6374886256,-295703625.478169
118,4,4,1,06412,06412,064120000000,Frankfurt am Main,Kreisfreie Stadt,40,--,ja,06,4,12,00,00,000,R,DE712,064120000000,06412000,1977/01/01 00:00:00+00,DEBKGDL20000DZ72,167873.120670821,-602844111.448314
119,4,4,1,06413,06413,064130000000,Offenbach am Main,Kreisfreie Stadt,40,--,ja,06,4,13,00,00,000,R,DE713,064130000000,06413000,1977/01/01 00:00:00+00,DEBKGDL20000E5QM,63339.4308962155,-110065050.984392
120,4,4,1,06414,06414,064140000000,Wiesbaden,Kreisfreie Stadt,40,--,ja,06,4,14,00,00,000,R,DE714,064140000000,06414000,1977/01/01 00:00:00+00,DEBKGDL20000DYOQ,119032.87508364,-494316773.750572
121,4,4,1,06431,06431,064310011011,Bergstraße,Landkreis,43,--,ja,06,4,31,00,00,000,R,DE715,064310000000,06431000,2009/01/01 00:00:00+00,DEBKGDL20000E6ZT,356082.734160958,-1711420120.21837
122,4,4,1,06432,06432,064110000000,Darmstadt-Dieburg,Landkreis,43,--,ja,06,4,32,00,00,000,R,DE716,064320000000,06432000,1977/01/01 00:00:00+00,DEBKGDL20000E35U,332668.493017381,-1581328977.79823
123,4,4,1,06433,06433,064330006006,Groß-Gerau,Landkreis,43,--,ja,06,4,33,00,00,000,R,DE717,064330000000,06433000,2009/01/01 00:00:00+00,DEBKGDL20000E3XH,216583.356408203,-1091570876.93009
124,4,4,1,06434,06434,064340001001,Hochtaunuskreis,Landkreis,43,--,nein,06,4,34,00,00,000,R,DE718,064340000000,06434000,2009/01/01 00:00:00+00,DEBKGDL20000DYDV,233710.670324036,-1176303574.5159
125,4,4,1,06435,06435,064350010010,Main-Kinzig-Kreis,Landkreis,43,--,nein,06,4,35,00,00,000,R,DE719,064350000000,06435000,2011/07/01 00:00:00+00,DEBKGDL20000DW5F,470690.469481599,-3411409033.43314
126,4,4,1,06436,06436,064360007007,Main-Taunus-Kreis,Landkreis,43,--,nein,06,4,36,00,00,000,R,DE71A,064360000000,06436000,2009/01/01 00:00:00+00,DEBKGDL20000DWRL,183038.287348573,-537947923.852231
127,4,4,1,06437,06437,064370006006,Odenwaldkreis,Landkreis,43,--,nein,06,4,37,00,00,000,R,DE71B,064370000000,06437000,2009/01/01 00:00:00+00,DEBKGDL20000DZ82,270324.552708442,-1490100904.49218
128,4,4,1,06438,06438,064380001001,Offenbach,Landkreis,43,--,ja,06,4,38,00,00,000,R,DE71C,064380000000,06438000,2009/01/01 00:00:00+00,DEBKGDL20000E5QK,181912.168406938,-862004125.070883
129,4,4,1,06439,06439,064390002002,Rheingau-Taunus-Kreis,Landkreis,43,--,nein,06,4,39,00,00,000,R,DE71D,064390000000,06439000,2009/01/01 00:00:00+00,DEBKGDL20000E2GH,316205.474544353,-1974433431.71549
130,4,4,1,06440,06440,064400008008,Wetteraukreis,Landkreis,43,--,nein,06,4,40,00,00,000,R,DE71E,064400000000,06440000,2009/01/01 00:00:00+00,DEBKGDL20000DW5V,412990.328539487,-2700461502.8798
131,4,4,1,06531,06531,065310005005,Gießen,Landkreis,43,--,ja,06,5,31,00,00,000,R,DE721,065310000000,06531000,2009/01/01 00:00:00+00,DEBKGDL20000DWKN,342145.103508635,-2118049794.48295
132,4,4,1,06532,06532,065320023023,Lahn-Dill-Kreis,Landkreis,43,--,nein,06,5,32,00,00,000,R,DE722,065320000000,06532000,2009/01/01 00:00:00+00,DEBKGDL20000DWKM,345354.195517962,-2647152102.19019
133,4,4,1,06533,06533,065330009009,Limburg-Weilburg,Landkreis,43,--,ja,06,5,33,00,00,000,R,DE723,065330000000,06533000,2009/01/01 00:00:00+00,DEBKGDL20000E18L,270076.086560865,-1818150486.91394
134,4,4,1,06534,06534,065340014014,Marburg-Biedenkopf,Landkreis,43,--,ja,06,5,34,00,00,000,R,DE724,065340000000,06534000,2009/01/01 00:00:00+00,DEBKGDL20000DX50,346959.308296528,-3160378239.52626
135,4,4,1,06535,06535,065350011011,Vogelsbergkreis,Landkreis,43,--,nein,06,5,35,00,00,000,R,DE725,065350000000,06535000,2009/01/01 00:00:00+00,DEBKGDL20000E4Q1,442915.324782615,-3620708021.33275
136,4,4,1,06611,06611,066110000000,Kassel,Kreisfreie Stadt,40,--,ja,06,6,11,00,00,000,R,DE731,066110000000,06611000,2004/12/31 00:00:00+00,DEBKGDL20000DYMY,99898.461463251,-267355206.562343
137,4,4,1,06631,06631,066310009009,Fulda,Landkreis,43,--,ja,06,6,31,00,00,000,R,DE732,066310000000,06631000,2009/01/01 00:00:00+00,DEBKGDL20000E6FC,392868.550572068,-3419112134.84437
138,4,4,1,06632,06632,066320002002,Hersfeld-Rotenburg,Landkreis,43,--,ja,06,6,32,00,00,000,R,DE733,066320000000,06632000,2009/01/01 00:00:00+00,DEBKGDL20000DXV2,379682.263320834,-2757474746.26606
139,4,4,1,06633,06633,066110000000,Kassel,Landkreis,43,--,ja,06,6,33,00,00,000,R,DE734,066330000000,06633000,2015/01/01 00:00:00+00,DEBKGDL20000DYMT,592892.464453756,-3323156838.11429
140,4,4,1,06634,06634,066340009009,Schwalm-Eder-Kreis,Landkreis,43,--,nein,06,6,34,00,00,000,R,DE735,066340000000,06634000,2009/01/01 00:00:00+00,DEBKGDL20000DXYV,420773.716137991,-3885886913.01647
141,4,4,1,06635,06635,066350015015,Waldeck-Frankenberg,Landkreis,43,--,ja,06,6,35,00,00,000,R,DE736,066350000000,06635000,2009/11/01 00:00:00+00,DEBKGDL20000DYV9,502966.099917281,-4698071731.99793
142,4,4,1,06636,06636,066360003003,Werra-Meißner-Kreis,Landkreis,43,--,nein,06,6,36,00,00,000,R,DE737,066360000000,06636000,2009/01/01 00:00:00+00,DEBKGDL20000DZH1,441989.571853371,-2604147473.20184
143,4,4,1,07111,07111,071110000000,Koblenz,Kreisfreie Stadt,40,--,ja,07,1,11,00,00,000,K,DEB11,071110000000,07111000,1970/11/07 00:00:00+00,DEBKGDL20000E3IW,93930.9549341402,-259869876.395797
144,4,4,1,07131,07131,071310007007,Ahrweiler,Landkreis,43,--,ja,07,1,31,00,00,000,K,DEB12,071310000000,07131000,2009/01/01 00:00:00+00,DEBKGDL20000E09W,311553.269830001,-1940144638.05444
145,4,4,1,07132,07132,071325010501,Altenkirchen (Westerwald),Landkreis,43,--,ja,07,1,32,00,00,000,K,DEB13,071320000000,07132000,2009/01/01 00:00:00+00,DEBKGDL20000E5OP,357901.295801336,-1599662632.38765
146,4,4,1,07133,07133,071330006006,Bad Kreuznach,Landkreis,43,--,ja,07,1,33,00,00,000,K,DEB14,071330000000,07133000,2009/01/01 00:00:00+00,DEBKGDL20000E1NB,295175.425541206,-2074007580.88376
147,4,4,1,07134,07134,071345002010,Birkenfeld,Landkreis,43,--,ja,07,1,34,00,00,000,K,DEB15,071340000000,07134000,2009/01/01 00:00:00+00,DEBKGDL20000E0FC,269054.336653125,-1855344587.34497
148,4,4,1,07135,07135,071355001020,Cochem-Zell,Landkreis,43,--,ja,07,1,35,00,00,000,K,DEB1C,071350000000,07135000,2014/07/01 00:00:00+00,DEBKGDL20000E6ZK,289587.480843993,-1684748852.8525
149,4,4,1,07137,07137,071110000000,Mayen-Koblenz,Landkreis,43,--,ja,07,1,37,00,00,000,K,DEB17,071370000000,07137000,1974/03/16 00:00:00+00,DEBKGDL20000E3CY,438829.92218964,-2001099529.17307
150,4,4,1,07138,07138,071380045045,Neuwied,Landkreis,43,--,ja,07,1,38,00,00,000,K,DEB18,071380000000,07138000,2009/01/01 00:00:00+00,DEBKGDL20000E0UX,282601.449816217,-1553065477.37312
151,4,4,1,07140,07140,071405008144,Rhein-Hunsrück-Kreis,Landkreis,43,--,nein,07,1,40,00,00,000,K,DEB1D,071400000000,07140000,2014/07/01 00:00:00+00,DEBKGDL20000E3W2,346355.470158838,-2400841818.87482
152,4,4,1,07141,07141,071415010006,Rhein-Lahn-Kreis,Landkreis,43,--,nein,07,1,41,00,00,000,K,DEB1A,071410000000,07141000,2019/01/01 00:00:00+00,DEBKGDL20000E02P,332588.276253109,-1909971061.58378
153,4,4,1,07143,07143,071435004048,Westerwaldkreis,Landkreis,43,--,nein,07,1,43,00,00,000,K,DEB1B,071430000000,07143000,2009/01/01 00:00:00+00,DEBKGDL20000E5ZP,406924.054568588,-2449670391.17173
154,4,4,1,07211,07211,072110000000,Trier,Kreisfreie Stadt,40,--,ja,07,2,11,00,00,000,K,DEB21,072110000000,07211000,2017/07/01 00:00:00+00,DEBKGDL20000E6QK,134243.68616097,-276728154.441281
155,4,4,1,07231,07231,072310134134,Bernkastel-Wittlich,Landkreis,43,--,ja,07,2,31,00,00,000,K,DEB22,072310000000,07231000,2012/01/01 00:00:00+00,DEBKGDL20000E6GQ,329886.774820223,-2816475456.17625
156,4,4,1,07232,07232,072320018018,Eifelkreis Bitburg-Prüm,Landkreis,43,--,nein,07,2,32,00,00,000,K,DEB23,072320000000,07232000,2009/01/01 00:00:00+00,DEBKGDL20000E5QG,405756.785132543,-3945692216.60266
157,4,4,1,07233,07233,072335001501,Vulkaneifel,Landkreis,43,--,ja,07,2,33,00,00,000,K,DEB24,072330000000,07233000,2009/01/01 00:00:00+00,DEBKGDL20000E3WM,402384.949756128,-2225905486.99907
158,4,4,1,07235,07235,072110000000,Trier-Saarburg,Landkreis,43,--,ja,07,2,35,00,00,000,K,DEB25,072350000000,07235000,2017/07/01 00:00:00+00,DEBKGDL20000E5QI,503924.823738192,-2639022262.11763
159,4,4,1,07311,07311,073110000000,Frankenthal (Pfalz),Kreisfreie Stadt,40,--,ja,07,3,11,00,00,000,K,DEB31,073110000000,07311000,1969/06/07 00:00:00+00,DEBKGDL20000E3CK,63464.0928146603,-103862055.265511
160,4,4,1,07312,07312,073120000000,Kaiserslautern,Kreisfreie Stadt,40,--,ja,07,3,12,00,00,000,K,DEB32,073120000000,07312000,1969/06/07 00:00:00+00,DEBKGDL20000DWDZ,116379.969819922,-331447560.553349
161,4,4,1,07313,07313,073130000000,Landau in der Pfalz,Kreisfreie Stadt,40,--,ja,07,3,13,00,00,000,K,DEB33,073130000000,07313000,1972/04/22 00:00:00+00,DEBKGDL20000E4WA,134526.791124613,-194366870.523861
162,4,4,1,07314,07314,073140000000,Ludwigshafen am Rhein,Kreisfreie Stadt,40,--,ja,07,3,14,00,00,000,K,DEB34,073140000000,07314000,1974/03/16 00:00:00+00,DEBKGDL20000E09A,79901.9414196344,-184588854.428445
163,4,4,1,07315,07315,073150000000,Mainz,Kreisfreie Stadt,40,--,ja,07,3,15,00,00,000,K,DEB35,073150000000,07315000,1969/06/07 00:00:00+00,DEBKGDL20000E1IM,96541.945691414,-235861778.321779
164,4,4,1,07316,07316,073160000000,Neustadt an der Weinstraße,Kreisfreie Stadt,40,--,ja,07,3,16,00,00,000,K,DEB36,073160000000,07316000,1974/03/16 00:00:00+00,DEBKGDL20000E0XK,114108.660274292,-275810054.949959
165,4,4,1,07317,07317,073170000000,Pirmasens,Kreisfreie Stadt,40,--,ja,07,3,17,00,00,000,K,DEB37,073170000000,07317000,1972/04/22 00:00:00+00,DEBKGDL20000E6XG,74793.5322907567,-144101422.788724
166,4,4,1,07318,07318,073180000000,Speyer,Kreisfreie Stadt,40,--,ja,07,3,18,00,00,000,K,DEB38,073180000000,07318000,1968/10/01 00:00:00+00,DEBKGDL20000E5YO,61613.1640274946,-100908911.360112
167,4,4,1,07319,07319,073190000000,Worms,Kreisfreie Stadt,40,--,ja,07,3,19,00,00,000,K,DEB39,073190000000,07319000,1969/06/07 00:00:00+00,DEBKGDL20000DY9A,114168.032315281,-259113678.256462
168,4,4,1,07320,07320,073200000000,Zweibrücken,Kreisfreie Stadt,40,--,ja,07,3,20,00,00,000,K,DEB3A,073200000000,07320000,1972/04/22 00:00:00+00,DEBKGDL20000DZER,90700.76980848,-165986560.581059
169,4,4,1,07331,07331,073310003003,Alzey-Worms,Landkreis,43,--,ja,07,3,31,00,00,000,K,DEB3B,073310000000,07331000,2009/01/01 00:00:00+00,DEBKGDL20000DZXV,293173.906321614,-1407757454.02513
170,4,4,1,07332,07332,073320002002,Bad Dürkheim,Landkreis,43,--,ja,07,3,32,00,00,000,K,DEB3C,073320000000,07332000,2009/01/01 00:00:00+00,DEBKGDL20000E0N3,301412.037356592,-1404112812.38959
171,4,4,1,07333,07333,073335004039,Donnersbergkreis,Landkreis,43,--,nein,07,3,33,00,00,000,K,DEB3D,073330000000,07333000,2009/01/01 00:00:00+00,DEBKGDL20000DZR4,246198.68118062,-1534922698.12623
172,4,4,1,07334,07334,073340007007,Germersheim,Landkreis,43,--,ja,07,3,34,00,00,000,K,DEB3E,073340000000,07334000,2009/01/01 00:00:00+00,DEBKGDL20000DZ14,212485.218116681,-1080500536.13269
173,4,4,1,07335,07335,073120000000,Kaiserslautern,Landkreis,43,--,ja,07,3,35,00,00,000,K,DEB3F,073350000000,07335000,1972/04/22 00:00:00+00,DEBKGDL20000DW3E,411534.129471883,-1513891912.67702
174,4,4,1,07336,07336,073365010055,Kusel,Landkreis,43,--,ja,07,3,36,00,00,000,K,DEB3G,073360000000,07336000,2009/01/01 00:00:00+00,DEBKGDL20000E5E2,282895.391267705,-1361851910.6435
175,4,4,1,07337,07337,073130000000,Südliche Weinstraße,Landkreis,43,--,ja,07,3,37,00,00,000,K,DEB3H,073370000000,07337000,1978/01/01 00:00:00+00,DEBKGDL20000E0ID,415759.595343593,-1496209499.85025
176,4,4,1,07338,07338,073140000000,Rhein-Pfalz-Kreis,Landkreis,43,--,nein,07,3,38,00,00,000,K,DEB3I,073380000000,07338000,2004/01/01 00:00:00+00,DEBKGDL20000E3V3,280501.653727314,-718402889.849303
177,4,4,1,07339,07339,073390030030,Mainz-Bingen,Landkreis,43,--,ja,07,3,39,00,00,000,K,DEB3J,073390000000,07339000,2009/01/01 00:00:00+00,DEBKGDL20000E1CS,354691.601581103,-1459346805.28884
178,4,4,1,07340,07340,073170000000,Südwestpfalz,Landkreis,43,--,ja,07,3,40,00,00,000,K,DEB3K,073400000000,07340000,1997/01/01 00:00:00+00,DEBKGDL20000E6XH,440285.577245572,-2233275766.26435
179,4,4,1,08111,08111,081110000000,Stuttgart,Stadtkreis,41,--,ja,08,1,11,00,00,000,R,DE111,081110000000,08111000,1973/01/01 00:00:00+00,DEBKGDL20000DZKR,145505.231252598,-483096322.21716
180,4,4,1,08115,08115,081150003003,Böblingen,Landkreis,43,--,ja,08,1,15,00,00,000,R,DE112,081150000000,08115000,2014/04/01 00:00:00+00,DEBKGDL20000E096,291520.516165087,-1414484433.78055
181,4,4,1,08116,08116,081160019019,Esslingen,Landkreis,43,--,ja,08,1,16,00,00,000,R,DE113,081160000000,08116000,2014/04/01 00:00:00+00,DEBKGDL20000E5HV,289452.514336394,-1464393069.51945
182,4,4,1,08117,08117,081175005026,Göppingen,Landkreis,43,--,ja,08,1,17,00,00,000,R,DE114,081170000000,08117000,2009/01/01 00:00:00+00,DEBKGDL20000E0Q5,294396.760881315,-1471914338.43437
183,4,4,1,08118,08118,081180048048,Ludwigsburg,Landkreis,43,--,ja,08,1,18,00,00,000,R,DE115,081180000000,08118000,2009/01/01 00:00:00+00,DEBKGDL20000E3AL,322885.449517851,-1590065983.2755
184,4,4,1,08119,08119,081190079079,Rems-Murr-Kreis,Landkreis,43,--,nein,08,1,19,00,00,000,R,DE116,081190000000,08119000,2009/01/01 00:00:00+00,DEBKGDL20000DZT1,326292.918824922,-1982088056.732
185,4,4,1,08121,08121,081210000000,Heilbronn,Stadtkreis,41,--,ja,08,1,21,00,00,000,R,DE117,081210000000,08121000,1974/04/01 00:00:00+00,DEBKGDL20000E0MB,102290.842133868,-235051202.331891
186,4,4,1,08125,08125,081210000000,Heilbronn,Landkreis,43,--,ja,08,1,25,00,00,000,R,DE118,081250000000,08125000,1974/04/01 00:00:00+00,DEBKGDL20000E0D0,548642.260447012,-2568275983.78021
187,4,4,1,08126,08126,081265003046,Hohenlohekreis,Landkreis,43,--,nein,08,1,26,00,00,000,R,DE119,081260000000,08126000,2009/01/01 00:00:00+00,DEBKGDL20000E67W,354905.460702437,-1823668659.81486
188,4,4,1,08127,08127,081275009076,Schwäbisch Hall,Landkreis,43,--,ja,08,1,27,00,00,000,R,DE11A,081270000000,08127000,2009/01/01 00:00:00+00,DEBKGDL20000E3WD,522161.970031764,-3464631857.09662
189,4,4,1,08128,08128,081285004115,Main-Tauber-Kreis,Landkreis,43,--,nein,08,1,28,00,00,000,R,DE11B,081280000000,08128000,2009/01/01 00:00:00+00,DEBKGDL20000E65D,552628.315328582,-3098075646.10322
190,4,4,1,08135,08135,081355002019,Heidenheim,Landkreis,43,--,ja,08,1,35,00,00,000,R,DE11C,081350000000,08135000,2009/01/01 00:00:00+00,DEBKGDL20000DZ25,356058.77865275,-1436939484.04618
191,4,4,1,08136,08136,081365001088,Ostalbkreis,Landkreis,43,--,nein,08,1,36,00,00,000,R,DE11D,081360000000,08136000,2009/01/01 00:00:00+00,DEBKGDL20000E1I0,531189.853513835,-3488891905.44143
192,4,4,1,08211,08211,082110000000,Baden-Baden,Stadtkreis,41,--,ja,08,2,11,00,00,000,R,DE121,082110000000,08211000,1975/01/01 00:00:00+00,DEBKGDL20000DX2G,148883.858036723,-321653649.382852
193,4,4,1,08212,08212,082120000000,Karlsruhe,Stadtkreis,41,--,ja,08,2,12,00,00,000,R,DE122,082120000000,08212000,1975/02/14 00:00:00+00,DEBKGDL20000E22N,124383.178482628,-404281238.601825
194,4,4,1,08215,08215,082120000000,Karlsruhe,Landkreis,43,--,ja,08,2,15,00,00,000,R,DE123,082150000000,08215000,1975/02/14 00:00:00+00,DEBKGDL20000E6RQ,436222.849489341,-2525586351.46502
195,4,4,1,08216,08216,082165005043,Rastatt,Landkreis,43,--,ja,08,2,16,00,00,000,R,DE124,082160000000,08216000,2009/01/01 00:00:00+00,DEBKGDL20000DZZW,452794.611863874,-1698722164.59013
196,4,4,1,08221,08221,082210000000,Heidelberg,Stadtkreis,41,--,ja,08,2,21,00,00,000,R,DE125,082210000000,08221000,2008/06/03 00:00:00+00,DEBKGDL20000E3GT,103275.367865185,-257565390.17806
197,4,4,1,08222,08222,082220000000,Mannheim,Stadtkreis,41,--,ja,08,2,22,00,00,000,R,DE126,082220000000,08222000,1973/01/01 00:00:00+00,DEBKGDL20000DZNO,101774.36626496,-343684738.09454
198,4,4,1,08225,08225,082255005058,Neckar-Odenwald-Kreis,Landkreis,43,--,nein,08,2,25,00,00,000,R,DE127,082250000000,08225000,2009/01/01 00:00:00+00,DEBKGDL20000E2A8,377399.921704802,-2662775692.92596
199,4,4,1,08226,08226,082210000000,Rhein-Neckar-Kreis,Landkreis,43,--,nein,08,2,26,00,00,000,R,DE128,082260000000,08226000,2008/06/03 00:00:00+00,DEBKGDL20000DZYR,578086.819878075,-2499178199.87914
200,4,4,1,08231,08231,082310000000,Pforzheim,Stadtkreis,41,--,ja,08,2,31,00,00,000,R,DE129,082310000000,08231000,1975/09/20 00:00:00+00,DEBKGDL20000E3GL,88855.4360887649,-226963265.613788
201,4,4,1,08235,08235,082355006085,Calw,Landkreis,43,--,ja,08,2,35,00,00,000,R,DE12A,082350000000,08235000,2009/01/01 00:00:00+00,DEBKGDL20000E449,310940.396191104,-1827843625.08703
202,4,4,1,08236,08236,082310000000,Enzkreis,Landkreis,43,--,nein,08,2,36,00,00,000,R,DE12B,082360000000,08236000,1975/09/20 00:00:00+00,DEBKGDL20000E44A,349463.882185952,-1325493560.39989
203,4,4,1,08237,08237,082375002028,Freudenstadt,Landkreis,43,--,ja,08,2,37,00,00,000,R,DE12C,082370000000,08237000,2009/01/01 00:00:00+00,DEBKGDL20000DXXM,329976.828760556,-1979928408.06948
204,4,4,1,08311,08311,083110000000,Freiburg im Breisgau,Stadtkreis,41,--,ja,08,3,11,00,00,000,R,DE131,083110000000,08311000,1978/01/01 00:00:00+00,DEBKGDL20000E07G,135789.850224176,-343266680.046891
205,4,4,1,08315,08315,083110000000,Breisgau-Hochschwarzwald,Landkreis,43,--,ja,08,3,15,00,00,000,R,DE132,083150000000,08315000,1978/01/01 00:00:00+00,DEBKGDL20000E07H,552411.408276634,-3065882205.96699
206,4,4,1,08316,08316,083165003011,Emmendingen,Landkreis,43,--,ja,08,3,16,00,00,000,R,DE133,083160000000,08316000,2009/01/01 00:00:00+00,DEBKGDL20000E6TH,258578.728071059,-1527315316.05116
207,4,4,1,08317,08317,083175010096,Ortenaukreis,Landkreis,43,--,nein,08,3,17,00,00,000,R,DE134,083170000000,08317000,2009/01/01 00:00:00+00,DEBKGDL20000E5HN,394786.590313049,-4219314840.82911
208,4,4,1,08325,08325,083255003049,Rottweil,Landkreis,43,--,ja,08,3,25,00,00,000,R,DE135,083250000000,08325000,2009/01/01 00:00:00+00,DEBKGDL20000DWZH,324389.573075918,-1734442853.84724
209,4,4,1,08326,08326,083265004074,Schwarzwald-Baar-Kreis,Landkreis,43,--,nein,08,3,26,00,00,000,R,DE136,083260000000,08326000,2009/01/01 00:00:00+00,DEBKGDL20000E678,344188.434220664,-2291464446.46798
210,4,4,1,08327,08327,083275006050,Tuttlingen,Landkreis,43,--,ja,08,3,27,00,00,000,R,DE137,083270000000,08327000,2009/01/01 00:00:00+00,DEBKGDL20000E5PO,270436.613302064,-1639054515.50823
211,4,4,1,08335,08335,083355004043,Konstanz,Landkreis,43,--,ja,08,3,35,00,00,000,R,DE138,083350000000,08335000,2009/01/01 00:00:00+00,DEBKGDL20000E6YG,450011.111130583,-1809862065.5586
212,4,4,1,08336,08336,083365003050,Lörrach,Landkreis,43,--,ja,08,3,36,00,00,000,R,DE139,083360000000,08336000,2009/01/01 00:00:00+00,DEBKGDL20000E5Q2,248000.992582642,-1781151708.44317
213,4,4,1,08337,08337,083375007126,Waldshut,Landkreis,43,--,ja,08,3,37,00,00,000,R,DE13A,083370000000,08337000,2009/01/01 00:00:00+00,DEBKGDL20000E5QC,411163.583357795,-2494867550.84933
214,4,4,1,08415,08415,084150061061,Reutlingen,Landkreis,43,--,ja,08,4,15,00,00,000,R,DE141,084150000000,08415000,2011/01/01 00:00:00+00,DEBKGDL20000E3WI,373884.976124818,-2476557276.46616
215,4,4,1,08416,08416,084160041041,Tübingen,Landkreis,43,--,ja,08,4,16,00,00,000,R,DE142,084160000000,08416000,2009/01/01 00:00:00+00,DEBKGDL20000DZDS,253627.208628896,-1182319130.01324
216,4,4,1,08417,08417,084175002002,Zollernalbkreis,Landkreis,43,--,nein,08,4,17,00,00,000,R,DE143,084170000000,08417000,2009/01/01 00:00:00+00,DEBKGDL20000E31Y,300569.929203007,-2068727664.29069
217,4,4,1,08421,08421,084210000000,Ulm,Stadtkreis,41,--,ja,08,4,21,00,00,000,R,DE144,084210000000,08421000,1997/01/01 00:00:00+00,DEBKGDL20000DW97,136891.912381714,-270155869.106594
218,4,4,1,08425,08425,084210000000,Alb-Donau-Kreis,Landkreis,43,--,nein,08,4,25,00,00,000,R,DE145,084250000000,08425000,2011/01/01 00:00:00+00,DEBKGDL20000E15K,602665.593896581,-3077232509.00995
219,4,4,1,08426,08426,084265003021,Biberach,Landkreis,43,--,ja,08,4,26,00,00,000,R,DE146,084260000000,08426000,2009/01/01 00:00:00+00,DEBKGDL20000E1E7,440295.67132885,-3159851071.67634
220,4,4,1,08435,08435,084355002016,Bodenseekreis,Landkreis,43,--,nein,08,4,35,00,00,000,R,DE147,084350000000,08435000,2009/01/01 00:00:00+00,DEBKGDL20000E738,291799.040450867,-1469612227.27149
221,4,4,1,08436,08436,084365005064,Ravensburg,Landkreis,43,--,ja,08,4,36,00,00,000,R,DE148,084360000000,08436000,2009/01/01 00:00:00+00,DEBKGDL20000E4ZT,485195.566510725,-3617824068.95692
222,4,4,1,08437,08437,084375006104,Sigmaringen,Landkreis,43,--,ja,08,4,37,00,00,000,R,DE149,084370000000,08437000,2009/01/01 00:00:00+00,DEBKGDL20000E2FB,436895.342807856,-2692765283.98657
223,4,4,1,09161,09161,091610000000,Ingolstadt,Kreisfreie Stadt,40,--,ja,09,1,61,00,00,000,R,DE211,091610000000,09161000,1972/07/01 00:00:00+00,DEBKGDL20000E5Y4,115952.424948895,-306796501.4175
224,4,4,1,09162,09162,091620000000,München,Kreisfreie Stadt,40,--,ja,09,1,62,00,00,000,R,DE212,091620000000,09162000,2004/12/31 00:00:00+00,DEBKGDL20000E06K,169937.193686372,-699156056.139454
225,4,4,1,09163,09163,091630000000,Rosenheim,Kreisfreie Stadt,40,--,ja,09,1,63,00,00,000,R,DE213,091630000000,09163000,2004/12/31 00:00:00+00,DEBKGDL20000E2LU,45944.6733198766,-81483312.699124
226,4,4,1,09171,09171,091710111111,Altötting,Landkreis,43,--,ja,09,1,71,00,00,000,R,DE214,091710000000,09171000,2009/01/01 00:00:00+00,DEBKGDL20000E5SN,239845.113105272,-1281104663.78543
227,4,4,1,09172,09172,091720114114,Berchtesgadener Land,Landkreis,43,--,ja,09,1,72,00,00,000,R,DE215,091720000000,09172000,2009/01/01 00:00:00+00,DEBKGDL20000E5ZA,330591.727908018,-1852842360.93212
228,4,4,1,09173,09173,091730112112,Bad Tölz-Wolfratshausen,Landkreis,43,--,ja,09,1,73,00,00,000,R,DE216,091730000000,09173000,2009/01/01 00:00:00+00,DEBKGDL20000E1TW,349393.594082316,-2455418751.83106
229,4,4,1,09174,09174,091740115115,Dachau,Landkreis,43,--,ja,09,1,74,00,00,000,R,DE217,091740000000,09174000,2009/01/01 00:00:00+00,DEBKGDL20000E0SP,247089.241888395,-1310368805.65295
230,4,4,1,09175,09175,091750115115,Ebersberg,Landkreis,43,--,ja,09,1,75,00,00,000,R,DE218,091750000000,09175000,2009/01/01 00:00:00+00,DEBKGDL20000DYNN,234518.172373366,-1230795568.67356
231,4,4,1,09176,09176,091760123123,Eichstätt,Landkreis,43,--,ja,09,1,76,00,00,000,R,DE219,091760000000,09176000,2017/03/13 00:00:00+00,DEBKGDL20000E05M,467406.061238976,-2807327019.86826
232,4,4,1,09177,09177,091770117117,Erding,Landkreis,43,--,ja,09,1,77,00,00,000,R,DE21A,091770000000,09177000,2009/01/01 00:00:00+00,DEBKGDL20000DY6S,276466.497872152,-1966367235.90214
233,4,4,1,09178,09178,091780124124,Freising,Landkreis,43,--,ja,09,1,78,00,00,000,R,DE21B,091780000000,09178000,2009/01/01 00:00:00+00,DEBKGDL20000E5ZN,298701.296799983,-1813406360.12479
234,4,4,1,09179,09179,091790121121,Fürstenfeldbruck,Landkreis,43,--,ja,09,1,79,00,00,000,R,DE21C,091790000000,09179000,2009/01/01 00:00:00+00,DEBKGDL20000E0SQ,226049.39806193,-977175842.581969
235,4,4,1,09180,09180,091800117117,Garmisch-Partenkirchen,Landkreis,43,--,ja,09,1,80,00,00,000,R,DE21D,091800000000,09180000,2009/01/01 00:00:00+00,DEBKGDL20000E35C,299434.697111118,-2220554559.01158
236,4,4,1,09181,09181,091810130130,Landsberg am Lech,Landkreis,43,--,ja,09,1,81,00,00,000,R,DE21E,091810000000,09181000,2009/01/01 00:00:00+00,DEBKGDL20000E0SD,329050.953091338,-1795305648.06689
237,4,4,1,09182,09182,091820125125,Miesbach,Landkreis,43,--,ja,09,1,82,00,00,000,R,DE21F,091820000000,09182000,2011/01/01 00:00:00+00,DEBKGDL20000E70O,313282.724811947,-1915462225.46531
238,4,4,1,09183,09183,091830128128,Mühldorf a. Inn,Landkreis,43,--,ja,09,1,83,00,00,000,R,DE21G,091830000000,09183000,2009/01/01 00:00:00+00,DEBKGDL20000E6JI,377335.240838142,-1813523793.61687
239,4,4,1,09184,09184,091620000000,München,Landkreis,43,--,ja,09,1,84,00,00,000,R,DE21H,091840000000,09184000,2011/01/01 00:00:00+00,DEBKGDL20000E06M,378689.837832968,-1486293494.68844
240,4,4,1,09185,09185,091850149149,Neuburg-Schrobenhausen,Landkreis,43,--,ja,09,1,85,00,00,000,R,DE21I,091850000000,09185000,2009/01/01 00:00:00+00,DEBKGDL20000E4WK,335117.362503639,-1695104371.82967
241,4,4,1,09186,09186,091860143143,Pfaffenhofen a.d. Ilm,Landkreis,43,--,ja,09,1,86,00,00,000,R,DE21J,091860000000,09186000,2017/03/13 00:00:00+00,DEBKGDL20000E1NI,347021.460357846,-1738179065.62368
242,4,4,1,09187,09187,091630000000,Rosenheim,Landkreis,43,--,ja,09,1,87,00,00,000,R,DE21K,091870000000,09187000,2004/12/31 00:00:00+00,DEBKGDL20000DZTP,563949.678728084,-3200412190.09309
243,4,4,1,09188,09188,091880139139,Starnberg,Landkreis,43,--,ja,09,1,88,00,00,000,R,DE21L,091880000000,09188000,2009/01/01 00:00:00+00,DEBKGDL20000E5HE,231338.010570675,-1086842715.49627
244,4,4,1,09189,09189,091890155155,Traunstein,Landkreis,43,--,ja,09,1,89,00,00,000,R,DE21M,091890000000,09189000,2009/01/01 00:00:00+00,DEBKGDL20000E2VS,471293.964327725,-3407686069.67371
245,4,4,1,09190,09190,091900157157,Weilheim-Schongau,Landkreis,43,--,ja,09,1,90,00,00,000,R,DE21N,091900000000,09190000,2009/01/01 00:00:00+00,DEBKGDL20000E1L1,405592.430517427,-2141561387.6117
246,4,4,1,09261,09261,092610000000,Landshut,Kreisfreie Stadt,40,--,ja,09,2,61,00,00,000,R,DE221,092610000000,09261000,1974/07/01 00:00:00+00,DEBKGDL20000E5OT,102718.523884058,-150857501.330086
247,4,4,1,09262,09262,092620000000,Passau,Kreisfreie Stadt,40,--,ja,09,2,62,00,00,000,R,DE222,092620000000,09262000,2016/01/01 00:00:00+00,DEBKGDL20000E58K,88328.2995611642,-160060306.634862
248,4,4,1,09263,09263,092630000000,Straubing,Kreisfreie Stadt,40,--,ja,09,2,63,00,00,000,R,DE223,092630000000,09263000,1972/07/01 00:00:00+00,DEBKGDL20000E70T,84132.1821118545,-156265462.893249
249,4,4,1,09271,09271,092710119119,Deggendorf,Landkreis,43,--,ja,09,2,71,00,00,000,R,DE224,092710000000,09271000,2013/04/01 00:00:00+00,DEBKGDL20000E05N,326045.741595965,-1981549762.50485
250,4,4,1,09272,09272,092720118118,Freyung-Grafenau,Landkreis,43,--,ja,09,2,72,00,00,000,R,DE225,092720000000,09272000,2013/04/01 00:00:00+00,DEBKGDL20000DZIP,311430.463448607,-2267865664.80505
251,4,4,1,09273,09273,092730137137,Kelheim,Landkreis,43,--,ja,09,2,73,00,00,000,R,DE226,092730000000,09273000,2017/03/13 00:00:00+00,DEBKGDL20000E26S,421393.962174536,-2454435426.1776
252,4,4,1,09274,09274,092610000000,Landshut,Landkreis,43,--,ja,09,2,74,00,00,000,R,DE227,092740000000,09274000,2004/12/31 00:00:00+00,DEBKGDL20000DZVT,532113.443526135,-3073398415.36703
253,4,4,1,09275,09275,092620000000,Passau,Landkreis,43,--,ja,09,2,75,00,00,000,R,DE228,092750000000,09275000,2016/01/01 00:00:00+00,DEBKGDL20000E3MB,527726.431452819,-3490485755.35074
254,4,4,1,09276,09276,092760138138,Regen,Landkreis,43,--,ja,09,2,76,00,00,000,R,DE229,092760000000,09276000,2009/01/01 00:00:00+00,DEBKGDL20000E2QB,296227.323636726,-2264842760.43752
255,4,4,1,09277,09277,092770138138,Rottal-Inn,Landkreis,43,--,ja,09,2,77,00,00,000,R,DE22A,092770000000,09277000,2009/01/01 00:00:00+00,DEBKGDL20000E291,438449.149348476,-2906693769.14121
256,4,4,1,09278,09278,092630000000,Straubing-Bogen,Landkreis,43,--,ja,09,2,78,00,00,000,R,DE22B,092780000000,09278000,1978/05/01 00:00:00+00,DEBKGDL20000E2EO,507350.300457307,-2776602040.21764
257,4,4,1,09279,09279,092790112112,Dingolfing-Landau,Landkreis,43,--,ja,09,2,79,00,00,000,R,DE22C,092790000000,09279000,2009/01/01 00:00:00+00,DEBKGDL20000E1CD,397898.144843149,-2007932503.05356
258,4,4,1,09361,09361,093610000000,Amberg,Kreisfreie Stadt,40,--,ja,09,3,61,00,00,000,R,DE231,093610000000,09361000,1972/07/01 00:00:00+00,DEBKGDL20000E0H3,69469.4028780572,-119155166.755217
259,4,4,1,09362,09362,093620000000,Regensburg,Kreisfreie Stadt,40,--,ja,09,3,62,00,00,000,R,DE232,093620000000,09362000,2016/06/01 00:00:00+00,DEBKGDL20000E4EJ,90758.9447683301,-185105183.010594
260,4,4,1,09363,09363,093630000000,Weiden i.d. OPf.,Kreisfreie Stadt,40,--,ja,09,3,63,00,00,000,R,DE233,093630000000,09363000,2011/06/01 00:00:00+00,DEBKGDL20000E0QG,110988.587278279,-168295500.038809
261,4,4,1,09371,09371,093610000000,Amberg-Sulzbach,Landkreis,43,--,ja,09,3,71,00,00,000,R,DE234,093710000000,09371000,1973/05/01 00:00:00+00,DEBKGDL20000E1GZ,579421.226200745,-2971073092.70288
262,4,4,1,09372,09372,093720116116,Cham,Landkreis,43,--,ja,09,3,72,00,00,000,R,DE235,093720000000,09372000,2017/01/01 00:00:00+00,DEBKGDL20000E5ZR,458078.52856724,-3578252975.25148
263,4,4,1,09373,09373,093730147147,Neumarkt i.d. OPf.,Landkreis,43,--,ja,09,3,73,00,00,000,R,DE236,093730000000,09373000,2012/04/18 00:00:00+00,DEBKGDL20000E58U,465019.034981851,-3148100233.54364
264,4,4,1,09374,09374,093740139139,Neustadt a.d. Waldnaab,Landkreis,43,--,ja,09,3,74,00,00,000,R,DE237,093740000000,09374000,2017/07/01 00:00:00+00,DEBKGDL20000E6QG,596032.898868759,-3408430854.84461
265,4,4,1,09375,09375,093620000000,Regensburg,Landkreis,43,--,ja,09,3,75,00,00,000,R,DE238,093750000000,09375000,2016/06/01 00:00:00+00,DEBKGDL20000E44J,627664.9664352,-3236291986.4978
266,4,4,1,09376,09376,093760161161,Schwandorf,Landkreis,43,--,ja,09,3,76,00,00,000,R,DE239,093760000000,09376000,2017/01/01 00:00:00+00,DEBKGDL20000E2NP,533073.051539314,-3435771855.09199
267,4,4,1,09377,09377,093770154154,Tirschenreuth,Landkreis,43,--,ja,09,3,77,00,00,000,R,DE23A,093770000000,09377000,2009/01/01 00:00:00+00,DEBKGDL20000E0ED,355611.38471231,-2610986727.34294
268,4,4,1,09461,09461,094610000000,Bamberg,Kreisfreie Stadt,40,--,ja,09,4,61,00,00,000,R,DE241,094610000000,09461000,1972/07/01 00:00:00+00,DEBKGDL20000E5AI,63478.2478277866,-132287578.440498
269,4,4,1,09462,09462,094620000000,Bayreuth,Kreisfreie Stadt,40,--,ja,09,4,62,00,00,000,R,DE242,094620000000,09462000,2005/01/01 00:00:00+00,DEBKGDL20000E338,100518.314426073,-161576019.713592
270,4,4,1,09463,09463,094630000000,Coburg,Kreisfreie Stadt,40,--,ja,09,4,63,00,00,000,R,DE243,094630000000,09463000,1977/01/01 00:00:00+00,DEBKGDL20000E24O,74628.5754765231,-117366040.086017
271,4,4,1,09464,09464,094640000000,Hof,Kreisfreie Stadt,40,--,ja,09,4,64,00,00,000,R,DE244,094640000000,09464000,1978/05/01 00:00:00+00,DEBKGDL20000E6OZ,85465.3320466724,-142493882.671689
272,4,4,1,09471,09471,094610000000,Bamberg,Landkreis,43,--,ja,09,4,71,00,00,000,R,DE245,094710000000,09471000,1978/05/01 00:00:00+00,DEBKGDL20000E64V,563732.972050625,-2808702936.54023
273,4,4,1,09472,09472,094620000000,Bayreuth,Landkreis,43,--,ja,09,4,72,00,00,000,R,DE246,094720000000,09472000,2017/07/01 00:00:00+00,DEBKGDL20000E19E,598927.923980694,-3064155523.67029
274,4,4,1,09473,09473,094630000000,Coburg,Landkreis,43,--,ja,09,4,73,00,00,000,R,DE247,094730000000,09473000,2013/01/01 00:00:00+00,DEBKGDL20000E1GL,414952.171435124,-1444778829.78265
275,4,4,1,09474,09474,094740126126,Forchheim,Landkreis,43,--,ja,09,4,74,00,00,000,R,DE248,094740000000,09474000,2009/01/01 00:00:00+00,DEBKGDL20000DZV7,312290.757651723,-1536506418.14484
276,4,4,1,09475,09475,094640000000,Hof,Landkreis,43,--,ja,09,4,75,00,00,000,R,DE249,094750000000,09475000,1978/05/01 00:00:00+00,DEBKGDL20000DY0J,457987.245427042,-2185041159.5175
277,4,4,1,09476,09476,094760145145,Kronach,Landkreis,43,--,ja,09,4,76,00,00,000,R,DE24A,094760000000,09476000,2009/01/01 00:00:00+00,DEBKGDL20000E0EC,306354.393358002,-1596561289.37774
278,4,4,1,09477,09477,094770128128,Kulmbach,Landkreis,43,--,ja,09,4,77,00,00,000,R,DE24B,094770000000,09477000,2013/04/01 00:00:00+00,DEBKGDL20000E6SF,317280.254991098,-1597497228.20068
279,4,4,1,09478,09478,094780139139,Lichtenfels,Landkreis,43,--,ja,09,4,78,00,00,000,R,DE24C,094780000000,09478000,2013/01/01 00:00:00+00,DEBKGDL20000E2H5,293190.638049364,-1262012214.7742
280,4,4,1,09479,09479,094790169169,Wunsiedel i. Fichtelgebirge,Landkreis,43,--,ja,09,4,79,00,00,000,R,DE24D,094790000000,09479000,2009/01/01 00:00:00+00,DEBKGDL20000E3J6,229666.688118265,-1470946941.34636
281,4,4,1,09561,09561,095610000000,Ansbach,Kreisfreie Stadt,40,--,ja,09,5,61,00,00,000,R,DE251,095610000000,09561000,2010/01/01 00:00:00+00,DEBKGDL20000E692,107528.146593716,-234503180.555818
282,4,4,1,09562,09562,095620000000,Erlangen,Kreisfreie Stadt,40,--,ja,09,5,62,00,00,000,R,DE252,095620000000,09562000,1972/07/01 00:00:00+00,DEBKGDL20000DWAX,81994.8239262894,-185427296.633582
283,4,4,1,09563,09563,095630000000,Fürth,Kreisfreie Stadt,40,--,ja,09,5,63,00,00,000,R,DE253,095630000000,09563000,1972/07/01 00:00:00+00,DEBKGDL20000DWB0,70730.2382656621,-149994349.443012
284,4,4,1,09564,09564,095640000000,Nürnberg,Kreisfreie Stadt,40,--,ja,09,5,64,00,00,000,R,DE254,095640000000,09564000,2004/12/31 00:00:00+00,DEBKGDL20000E40K,212568.879985421,-443372315.308283
285,4,4,1,09565,09565,095650000000,Schwabach,Kreisfreie Stadt,40,--,ja,09,5,65,00,00,000,R,DE255,095650000000,09565000,1972/07/01 00:00:00+00,DEBKGDL20000DYLW,68085.2986041276,-96049673.7977625
286,4,4,1,09571,09571,095610000000,Ansbach,Landkreis,43,--,ja,09,5,71,00,00,000,R,DE256,095710000000,09571000,2014/06/01 00:00:00+00,DEBKGDL20000E6ZL,670729.139060351,-4625081744.26874
287,4,4,1,09572,09572,095620000000,Erlangen-Höchstadt,Landkreis,43,--,ja,09,5,72,00,00,000,R,DE257,095720000000,09572000,2004/12/31 00:00:00+00,DEBKGDL20000E0FD,466080.207304758,-1344540095.12349
288,4,4,1,09573,09573,095730134134,Fürth,Landkreis,43,--,ja,09,5,73,00,00,000,R,DE258,095730000000,09573000,2009/01/01 00:00:00+00,DEBKGDL20000DWB2,183038.754956033,-725782489.782321
289,4,4,1,09574,09574,095740138138,Nürnberger Land,Landkreis,43,--,ja,09,5,74,00,00,000,R,DE259,095740000000,09574000,2009/01/01 00:00:00+00,DEBKGDL20000E2KG,430970.151995852,-1888518876.08841
290,4,4,1,09575,09575,095750153153,Neustadt a.d. Aisch-Bad Windsheim,Landkreis,43,--,ja,09,5,75,00,00,000,R,DE25A,095750000000,09575000,2014/06/01 00:00:00+00,DEBKGDL20000E35E,441615.817041501,-3011603737.77866
291,4,4,1,09576,09576,095760143143,Roth,Landkreis,43,--,ja,09,5,76,00,00,000,R,DE25B,095760000000,09576000,2009/01/01 00:00:00+00,DEBKGDL20000E2TX,459541.329415658,-2094859926.50151
292,4,4,1,09577,09577,095770177177,Weißenburg-Gunzenhausen,Landkreis,43,--,ja,09,5,77,00,00,000,R,DE25C,095770000000,09577000,2009/01/01 00:00:00+00,DEBKGDL20000DYL4,339951.52107867,-2255121892.93083
293,4,4,1,09661,09661,096610000000,Aschaffenburg,Kreisfreie Stadt,40,--,ja,09,6,61,00,00,000,R,DE261,096610000000,09661000,1978/05/01 00:00:00+00,DEBKGDL20000E2XA,78184.8905932327,-149524864.476862
294,4,4,1,09662,09662,096620000000,Schweinfurt,Kreisfreie Stadt,40,--,ja,09,6,62,00,00,000,R,DE262,096620000000,09662000,1972/07/01 00:00:00+00,DEBKGDL20000DWGM,61724.3395258269,-86475610.3456476
295,4,4,1,09663,09663,096630000000,Würzburg,Kreisfreie Stadt,40,--,ja,09,6,63,00,00,000,R,DE263,096630000000,09663000,1978/01/01 00:00:00+00,DEBKGDL20000E5RY,100720.957218958,-210229550.803791
296,4,4,1,09671,09671,096610000000,Aschaffenburg,Landkreis,43,--,ja,09,6,71,00,00,000,R,DE264,096710000000,09671000,2011/07/01 00:00:00+00,DEBKGDL20000E2X8,356543.904364987,-1690374870.5629
297,4,4,1,09672,09672,096720114114,Bad Kissingen,Landkreis,43,--,ja,09,6,72,00,00,000,R,DE265,096720000000,09672000,2015/01/01 00:00:00+00,DEBKGDL20000E33L,436287.384996932,-2775807947.6853
298,4,4,1,09673,09673,096730114114,Rhön-Grabfeld,Landkreis,43,--,ja,09,6,73,00,00,000,R,DE266,096730000000,09673000,2015/01/01 00:00:00+00,DEBKGDL20000DYKN,402162.62054617,-2508258631.54357
299,4,4,1,09674,09674,096740147147,Haßberge,Landkreis,43,--,ja,09,6,74,00,00,000,R,DE267,096740000000,09674000,2009/01/01 00:00:00+00,DEBKGDL20000E1O5,389569.464201385,-2318388344.69516
300,4,4,1,09675,09675,096750141141,Kitzingen,Landkreis,43,--,ja,09,6,75,00,00,000,R,DE268,096750000000,09675000,2009/01/01 00:00:00+00,DEBKGDL20000DZ3J,311678.213770944,-1636561022.76424
301,4,4,1,09676,09676,096760139139,Miltenberg,Landkreis,43,--,ja,09,6,76,00,00,000,R,DE269,096760000000,09676000,2009/01/01 00:00:00+00,DEBKGDL20000E1CJ,349120.082574491,-1711957144.1266
302,4,4,1,09677,09677,096770148148,Main-Spessart,Landkreis,43,--,ja,09,6,77,00,00,000,R,DE26A,096770000000,09677000,2009/01/01 00:00:00+00,DEBKGDL20000DW77,446758.022805049,-3195041940.98328
303,4,4,1,09678,09678,096620000000,Schweinfurt,Landkreis,43,--,ja,09,6,78,00,00,000,R,DE26B,096780000000,09678000,1972/07/01 00:00:00+00,DEBKGDL20000E09P,505406.718671728,-2035178716.93075
304,4,4,1,09679,09679,096630000000,Würzburg,Landkreis,43,--,ja,09,6,79,00,00,000,R,DE26C,096790000000,09679000,1997/01/01 00:00:00+00,DEBKGDL20000E16S,521823.450577817,-2313045471.44152
305,4,4,1,09761,09761,097610000000,Augsburg,Kreisfreie Stadt,40,--,ja,09,7,61,00,00,000,R,DE271,097610000000,09761000,2015/10/01 00:00:00+00,DEBKGDL20000DXCC,129831.878466958,-331287307.088632
306,4,4,1,09762,09762,097620000000,Kaufbeuren,Kreisfreie Stadt,40,--,ja,09,7,62,00,00,000,R,DE272,097620000000,09762000,1972/07/01 00:00:00+00,DEBKGDL20000E52E,58824.7510483147,-89825135.416217
307,4,4,1,09763,09763,097630000000,Kempten (Allgäu),Kreisfreie Stadt,40,--,ja,09,7,63,00,00,000,R,DE273,097630000000,09763000,1972/07/01 00:00:00+00,DEBKGDL20000E4BC,79436.392288752,-139755395.184597
308,4,4,1,09764,09764,097640000000,Memmingen,Kreisfreie Stadt,40,--,ja,09,7,64,00,00,000,R,DE274,097640000000,09764000,1978/05/01 00:00:00+00,DEBKGDL20000E401,94437.2730396993,-155678067.11085
309,4,4,1,09771,09771,097710113113,Aichach-Friedberg,Landkreis,43,--,ja,09,7,71,00,00,000,R,DE275,097710000000,09771000,2015/10/01 00:00:00+00,DEBKGDL20000DXC9,340568.447704646,-1769652195.30047
310,4,4,1,09772,09772,097610000000,Augsburg,Landkreis,43,--,ja,09,7,72,00,00,000,R,DE276,097720000000,09772000,2016/07/01 00:00:00+00,DEBKGDL20000E0BJ,464931.089279523,-2424777308.12722
311,4,4,1,09773,09773,097730125125,Dillingen a.d. Donau,Landkreis,43,--,ja,09,7,73,00,00,000,R,DE277,097730000000,09773000,2009/01/01 00:00:00+00,DEBKGDL20000E661,366779.966484283,-1808570568.98357
312,4,4,1,09774,09774,097740135135,Günzburg,Landkreis,43,--,ja,09,7,74,00,00,000,R,DE278,097740000000,09774000,2016/07/01 00:00:00+00,DEBKGDL20000E5OH,350418.53180385,-1727183469.69989
313,4,4,1,09775,09775,097750135135,Neu-Ulm,Landkreis,43,--,ja,09,7,75,00,00,000,R,DE279,097750000000,09775000,2009/01/01 00:00:00+00,DEBKGDL20000E1VN,224126.149821619,-1164388476.9725
314,4,4,1,09776,09776,097760116116,Lindau (Bodensee),Landkreis,43,--,ja,09,7,76,00,00,000,R,DE27A,097760000000,09776000,2009/01/01 00:00:00+00,DEBKGDL20000E3SF,213466.42044373,-710552647.607828
315,4,4,1,09777,09777,097770151151,Ostallgäu,Landkreis,43,--,ja,09,7,77,00,00,000,R,DE27B,097770000000,09777000,2009/01/01 00:00:00+00,DEBKGDL20000E34F,608335.925681685,-3082455691.23712
316,4,4,1,09778,09778,097780173173,Unterallgäu,Landkreis,43,--,ja,09,7,78,00,00,000,R,DE27C,097780000000,09778000,2009/01/01 00:00:00+00,DEBKGDL20000E2AU,487803.261592565,-2749244274.19167
317,4,4,1,09779,09779,097790131131,Donau-Ries,Landkreis,43,--,ja,09,7,79,00,00,000,R,DE27D,097790000000,09779000,2009/01/01 00:00:00+00,DEBKGDL20000E6JJ,507966.636262498,-2935000457.6595
318,4,4,1,09780,09780,097800139139,Oberallgäu,Landkreis,43,--,ja,09,7,80,00,00,000,R,DE27E,097800000000,09780000,2009/01/01 00:00:00+00,DEBKGDL20000DZCX,507091.58793419,-3355908784.47148
319,4,4,1,10041,10041,100410100100,Regionalverband Saarbrücken,Landkreis,45,Sonderverband,nein,10,0,41,00,00,000,R,DEC01,100410000000,10041000,2009/01/01 00:00:00+00,DEBKGDL20000E68W,246056.619175208,-964738731.875064
320,4,4,1,10042,10042,100420113113,Merzig-Wadern,Landkreis,43,--,ja,10,0,42,00,00,000,R,DEC02,100420000000,10042000,2009/01/01 00:00:00+00,DEBKGDL20000E3EA,238128.376000542,-1318905860.43858
321,4,4,1,10043,10043,100430115115,Neunkirchen,Landkreis,43,--,ja,10,0,43,00,00,000,R,DEC03,100430000000,10043000,2009/01/01 00:00:00+00,DEBKGDL20000E68T,165346.289699267,-584807977.935891
322,4,4,1,10044,10044,100440115115,Saarlouis,Landkreis,43,--,ja,10,0,44,00,00,000,R,DEC04,100440000000,10044000,2009/01/01 00:00:00+00,DEBKGDL20000E68X,243164.439740105,-1080772798.01367
323,4,4,1,10045,10045,100450114114,Saarpfalz-Kreis,Landkreis,43,--,nein,10,0,45,00,00,000,R,DEC05,100450000000,10045000,2009/01/01 00:00:00+00,DEBKGDL20000E11A,243787.314646866,-982564064.915857
324,4,4,1,10046,10046,100460117117,St. Wendel,Landkreis,43,--,ja,10,0,46,00,00,000,R,DEC06,100460000000,10046000,2009/01/01 00:00:00+00,DEBKGDL20000E68V,226333.05972457,-1129124350.40406
325,4,4,1,11000,11000,110000000000,Berlin,Kreisfreie Stadt,40,--,ja,11,0,00,00,00,000,R,DE300,110000000000,11000000,1990/10/03 00:00:00+00,DEBKGDL20000E0P4,364726.988997997,-2402455706.92244
326,4,4,1,12051,12051,120510000000,Brandenburg an der Havel,Kreisfreie Stadt,40,--,ja,12,0,51,00,00,000,R,DE401,120510000000,12051000,2012/10/01 00:00:00+00,DEBKGDL20000E2GG,232805.724455117,-615614948.344854
327,4,4,1,12052,12052,120520000000,Cottbus,Kreisfreie Stadt,40,--,ja,12,0,52,00,00,000,R,DE402,120520000000,12052000,2003/10/26 00:00:00+00,DEBKGDL20000E18R,141613.892855276,-430303332.776321
328,4,4,1,12053,12053,120530000000,Frankfurt (Oder),Kreisfreie Stadt,40,--,ja,12,0,53,00,00,000,R,DE403,120530000000,12053000,2002/05/31 00:00:00+00,DEBKGDL20000E71E,108512.40374564,-394854586.313962
329,4,4,1,12054,12054,120540000000,Potsdam,Kreisfreie Stadt,40,--,ja,12,0,54,00,00,000,R,DE404,120540000000,12054000,2014/09/11 00:00:00+00,DEBKGDL20000DZK6,157697.66481938,-501936617.052468
330,4,4,1,12060,12060,120600052052,Barnim,Landkreis,43,--,ja,12,0,60,00,00,000,R,DE405,120600000000,12060000,2009/01/01 00:00:00+00,DEBKGDL20000E0B1,562631.438714506,-4048562631.53592
331,4,4,1,12061,12061,120610316316,Dahme-Spreewald,Landkreis,43,--,ja,12,0,61,00,00,000,R,DE406,120610000000,12061000,2015/01/19 00:00:00+00,DEBKGDL20000E6HD,708135.175775586,-6006260915.43945
332,4,4,1,12062,12062,120620224224,Elbe-Elster,Landkreis,43,--,ja,12,0,62,00,00,000,R,DE407,120620000000,12062000,2009/01/01 00:00:00+00,DEBKGDL20000E10F,492150.547280495,-4919749184.58668
333,4,4,1,12063,12063,120630252252,Havelland,Landkreis,43,--,ja,12,0,63,00,00,000,R,DE408,120630000000,12063000,2012/10/01 00:00:00+00,DEBKGDL20000E1TN,563992.002151219,-4678727519.78255
334,4,4,1,12064,12064,120640448448,Märkisch-Oderland,Landkreis,43,--,ja,12,0,64,00,00,000,R,DE409,120640000000,12064000,2009/01/01 00:00:00+00,DEBKGDL20000E10P,518259.283969195,-5840267418.71791
335,4,4,1,12065,12065,120650256256,Oberhavel,Landkreis,43,--,ja,12,0,65,00,00,000,R,DE40A,120650000000,12065000,2009/01/01 00:00:00+00,DEBKGDL20000DZKC,597256.175784721,-4961027366.93935
336,4,4,1,12066,12066,120660304304,Oberspreewald-Lausitz,Landkreis,43,--,ja,12,0,66,00,00,000,R,DE40B,120660000000,12066000,2009/01/01 00:00:00+00,DEBKGDL20000E6ZP,409197.301948846,-3167815751.3064
337,4,4,1,12067,12067,120670036036,Oder-Spree,Landkreis,43,--,ja,12,0,67,00,00,000,R,DE40C,120670000000,12067000,2015/01/19 00:00:00+00,DEBKGDL20000E0J4,613168.106595616,-6010723403.9155
338,4,4,1,12068,12068,120680320320,Ostprignitz-Ruppin,Landkreis,43,--,ja,12,0,68,00,00,000,R,DE40D,120680000000,12068000,2011/01/01 00:00:00+00,DEBKGDL20000E6H2,632352.800055709,-6958837402.30364
339,4,4,1,12069,12069,120690020020,Potsdam-Mittelmark,Landkreis,43,--,ja,12,0,69,00,00,000,R,DE40E,120690000000,12069000,2014/09/11 00:00:00+00,DEBKGDL20000E00C,772200.70915913,-6905547169.61657
340,4,4,1,12070,12070,120700296296,Prignitz,Landkreis,43,--,ja,12,0,70,00,00,000,R,DE40F,120700000000,12070000,2009/01/01 00:00:00+00,DEBKGDL20000E46W,523671.687485219,-5924479534.86956
341,4,4,1,12071,12071,120710076076,Spree-Neiße,Landkreis,43,--,ja,12,0,71,00,00,000,R,DE40G,120710000000,12071000,2009/01/01 00:00:00+00,DEBKGDL20000E27W,564649.900327855,-4318480645.5192
342,4,4,1,12072,12072,120720232232,Teltow-Fläming,Landkreis,43,--,ja,12,0,72,00,00,000,R,DE40H,120720000000,12072000,2009/01/01 00:00:00+00,DEBKGDL20000E5I0,519415.126914051,-5559818587.90151
343,4,4,1,12073,12073,120730452452,Uckermark,Landkreis,43,--,ja,12,0,73,00,00,000,R,DE40I,120730000000,12073000,2009/01/01 00:00:00+00,DEBKGDL20000E3N7,654982.079153785,-8558819302.93315
344,4,4,1,13003,13003,130030000000,Rostock,Kreisfreie Stadt,40,--,ja,13,0,03,00,00,000,R,DE803,130030000000,13003000,2007/01/01 00:00:00+00,DEBKGDL20000E375,229636.260127373,-492368722.899452
345,4,4,1,13004,13004,130040000000,Schwerin,Kreisfreie Stadt,40,--,ja,13,0,04,00,00,000,R,DE804,130040000000,13004000,1990/10/03 00:00:00+00,DEBKGDL20000E26X,117150.839004183,-369099185.504983
346,4,4,1,13071,13071,130710107107,Mecklenburgische Seenplatte,Landkreis,43,--,ja,13,0,71,00,00,000,R,DE80J,130710000000,13071000,2011/09/04 00:00:00+00,DEBKGDL20000QGHT,868770.366485385,-15534005848.204
347,4,4,1,13072,13072,130720043043,Rostock,Landkreis,43,--,ja,13,0,72,00,00,000,R,DE80K,130720000000,13072000,2011/09/04 00:00:00+00,DEBKGDL20000QGFS,799246.280192381,-9863981453.14852
348,4,4,1,13073,13073,130730088088,Vorpommern-Rügen,Landkreis,43,--,ja,13,0,73,00,00,000,R,DE80L,130730000000,13073000,2011/09/04 00:00:00+00,DEBKGDL20000QGFT,1933234.83461432,-9263747352.48377
349,4,4,1,13074,13074,130740087087,Nordwestmecklenburg,Landkreis,43,--,ja,13,0,74,00,00,000,R,DE80M,130740000000,13074000,2011/09/04 00:00:00+00,DEBKGDL20000QGFQ,717615.555885403,-6086339000.85825
350,4,4,1,13075,13075,130750039039,Vorpommern-Greifswald,Landkreis,43,--,ja,13,0,75,00,00,000,R,DE80N,130750000000,13075000,2011/09/04 00:00:00+00,DEBKGDL20000QGHU,1405855.73208134,-10848743345.6525
351,4,4,1,13076,13076,130760108108,Ludwigslust-Parchim,Landkreis,43,--,ja,13,0,76,00,00,000,R,DE80O,130760000000,13076000,2014/11/01 00:00:00+00,DEBKGDL20000QGFP,914815.077663101,-13416132981.1828
352,4,4,1,14511,14511,145110000000,Chemnitz,Kreisfreie Stadt,40,--,ja,14,5,11,00,00,000,K,DED41,145110000000,14511000,2020/01/17 00:00:00+00,DEBKGDL20000HFPT,151179.11007765,-553222390.863295
353,4,4,1,14521,14521,145210020020,Erzgebirgskreis,Landkreis,43,--,nein,14,5,21,00,00,000,K,DED42,145210000000,14521000,2019/01/01 00:00:00+00,DEBKGDL20000HFPZ,498257.653628677,-4530529331.4283
354,4,4,1,14522,14522,145220180180,Mittelsachsen,Landkreis,43,--,ja,14,5,22,00,00,000,K,DED43,145220000000,14522000,2020/04/24 00:00:00+00,DEBKGDL20000HFQF,586605.962990299,-5321806797.72224
355,4,4,1,14523,14523,145230320320,Vogtlandkreis,Landkreis,43,--,nein,14,5,23,00,00,000,K,DED44,145230000000,14523000,2009/01/01 00:00:00+00,DEBKGDL20000HFQJ,489528.618871057,-3479996234.26171
356,4,4,1,14524,14524,145240330330,Zwickau,Landkreis,43,--,ja,14,5,24,00,00,000,K,DED45,145240000000,14524000,2012/12/01 00:00:00+00,DEBKGDL20000HFQK,373838.362279456,-2369269267.07417
357,4,4,1,14612,14612,146120000000,Dresden,Kreisfreie Stadt,40,--,ja,14,6,12,00,00,000,K,DED21,146120000000,14612000,2008/08/01 00:00:00+00,DEBKGDL20000HFPU,199648.957500081,-829533265.599157
358,4,4,1,14625,14625,146250020020,Bautzen,Landkreis,43,--,ja,14,6,25,00,00,000,K,DED2C,146250000000,14625000,2009/01/01 00:00:00+00,DEBKGDL20000HFQL,552535.84012831,-6111009345.09894
359,4,4,1,14626,14626,146260110110,Görlitz,Landkreis,43,--,ja,14,6,26,00,00,000,K,DED2D,146260000000,14626000,2009/01/01 00:00:00+00,DEBKGDL20000HFQM,546502.088806201,-5375661630.54048
360,4,4,1,14627,14627,146270140140,Meißen,Landkreis,43,--,ja,14,6,27,00,00,000,K,DED2E,146270000000,14627000,2020/04/24 00:00:00+00,DEBKGDL20000HFQN,418115.240233231,-3713142739.42095
361,4,4,1,14628,14628,146285229270,Sächsische Schweiz-Osterzgebirge,Landkreis,43,--,ja,14,6,28,00,00,000,K,DED2F,146280000000,14628000,2013/04/11 00:00:00+00,DEBKGDL20000HFQR,457231.751931591,-4154972245.47581
362,4,4,1,14713,14713,147130000000,Leipzig,Kreisfreie Stadt,40,--,ja,14,7,13,00,00,000,K,DED51,147130000000,14713000,2008/08/01 00:00:00+00,DEBKGDL20000002S,193089.554396561,-765039804.918562
363,4,4,1,14729,14729,147290050050,Leipzig,Landkreis,43,--,ja,14,7,29,00,00,000,K,DED52,147290000000,14729000,2014/02/01 00:00:00+00,DEBKGDL20000HFQY,542817.99863005,-4204484143.99085
364,4,4,1,14730,14730,147305311310,Nordsachsen,Landkreis,43,--,ja,14,7,30,00,00,000,K,DED53,147300000000,14730000,2008/08/01 00:00:00+00,DEBKGDL20000HFQZ,657889.848309453,-5218145095.59169
365,4,4,1,15001,15001,150010000000,Dessau-Roßlau,Kreisfreie Stadt,40,--,ja,15,0,01,00,00,000,R,DEE01,150010000000,15001000,2007/07/01 00:00:00+00,DEBKGDL20000E19O,187742.021629183,-644438070.479857
366,4,4,1,15002,15002,150020000000,Halle (Saale),Kreisfreie Stadt,40,--,ja,15,0,02,00,00,000,R,DEE02,150020000000,15002000,2007/07/01 00:00:00+00,DEBKGDL20000E1SB,124439.81583388,-349426615.805593
367,4,4,1,15003,15003,150030000000,Magdeburg,Kreisfreie Stadt,40,--,ja,15,0,03,00,00,000,R,DEE03,150030000000,15003000,2007/07/01 00:00:00+00,DEBKGDL20000E3CO,136786.208249775,-532154156.134843
368,4,4,1,15081,15081,150810455455,Altmarkkreis Salzwedel,Landkreis,43,--,nein,15,0,81,00,00,000,R,DEE04,150810000000,15081000,2009/01/01 00:00:00+00,DEBKGDL20000E3D8,500900.91774958,-6256743146.89149
369,4,4,1,15082,15082,150820180180,Anhalt-Bitterfeld,Landkreis,43,--,ja,15,0,82,00,00,000,R,DEE05,150820000000,15082000,2009/01/01 00:00:00+00,DEBKGDL20000E6XU,547706.470641817,-3813420054.42711
370,4,4,1,15083,15083,150830270270,Börde,Landkreis,43,--,ja,15,0,83,00,00,000,R,DEE07,150830000000,15083000,2009/01/01 00:00:00+00,DEBKGDL20000E5MU,607199.607713218,-6322888927.19065
371,4,4,1,15084,15084,150840355355,Burgenlandkreis,Landkreis,43,--,nein,15,0,84,00,00,000,R,DEE08,150840000000,15084000,2014/02/01 00:00:00+00,DEBKGDL20000E24A,470308.328295297,-3600613045.92399
372,4,4,1,15085,15085,150850135135,Harz,Landkreis,43,--,ja,15,0,85,00,00,000,R,DEE09,150850000000,15085000,2009/01/01 00:00:00+00,DEBKGDL20000E6Y3,526961.631579038,-5509118466.34685
373,4,4,1,15086,15086,150860015015,Jerichower Land,Landkreis,43,--,ja,15,0,86,00,00,000,R,DEE06,150860000000,15086000,2009/01/01 00:00:00+00,DEBKGDL20000E3E9,404277.86757855,-4235267177.67531
374,4,4,1,15087,15087,150870370370,Mansfeld-Südharz,Landkreis,43,--,ja,15,0,87,00,00,000,R,DEE0A,150870000000,15087000,2009/01/01 00:00:00+00,DEBKGDL20000E6Z0,532764.163335085,-3757693340.60897
375,4,4,1,15088,15088,150880220220,Saalekreis,Landkreis,43,--,nein,15,0,88,00,00,000,R,DEE0B,150880000000,15088000,2007/07/01 00:00:00+00,DEBKGDL20000E247,595197.587671797,-3698807074.03233
376,4,4,1,15089,15089,150890030030,Salzlandkreis,Landkreis,43,--,nein,15,0,89,00,00,000,R,DEE0C,150890000000,15089000,2007/07/12 00:00:00+00,DEBKGDL20000E2M5,427002.778634217,-3755298480.21591
377,4,4,1,15090,15090,150900535535,Stendal,Landkreis,43,--,ja,15,0,90,00,00,000,R,DEE0D,150900000000,15090000,2007/07/01 00:00:00+00,DEBKGDL20000E65Z,639859.431307835,-6623864715.10204
378,4,4,1,15091,15091,150910375375,Wittenberg,Landkreis,43,--,ja,15,0,91,00,00,000,R,DEE0E,150910000000,15091000,2009/01/01 00:00:00+00,DEBKGDL20000E14U,465981.140064705,-5076762801.18744
379,4,4,1,16051,16051,160510000000,Erfurt,Kreisfreie Stadt,40,--,ja,16,0,51,00,00,000,R,DEG01,160510000000,16051000,1994/10/12 00:00:00+00,DEBKGDL20000DXLQ,169372.591365714,-681181836.787722
380,4,4,1,16052,16052,160520000000,Gera,Kreisfreie Stadt,40,--,ja,16,0,52,00,00,000,R,DEG02,160520000000,16052000,1994/07/01 00:00:00+00,DEBKGDL20000DW0L,119216.852295613,-382135692.210244
381,4,4,1,16053,16053,160530000000,Jena,Kreisfreie Stadt,40,--,ja,16,0,53,00,00,000,R,DEG03,160530000000,16053000,1994/07/01 00:00:00+00,DEBKGDL20000DWHM,109684.925025512,-288805623.469359
382,4,4,1,16054,16054,160540000000,Suhl,Kreisfreie Stadt,40,--,ja,16,0,54,00,00,000,R,DEG04,160540000000,16054000,2019/01/01 00:00:00+00,DEBKGDL20000E053,140497.094690621,-355031343.498668
383,4,4,1,16055,16055,160550000000,Weimar,Kreisfreie Stadt,40,--,ja,16,0,55,00,00,000,R,DEG05,160550000000,16055000,1994/07/01 00:00:00+00,DEBKGDL20000DWTN,101420.058337894,-212628059.058328
384,4,4,1,16056,16056,160560000000,Eisenach,Kreisfreie Stadt,40,--,ja,16,0,56,00,00,000,R,DEG0N,160560000000,16056000,1998/01/01 00:00:00+00,DEBKGDL20000DXK8,109168.314408147,-263398628.023183
385,4,4,1,16061,16061,160610045045,Eichsfeld,Landkreis,43,--,ja,16,0,61,00,00,000,R,DEG06,160610000000,16061000,2009/01/01 00:00:00+00,DEBKGDL20000DZFG,332780.050037501,-2416311834.75065
386,4,4,1,16062,16062,160620041041,Nordhausen,Landkreis,43,--,ja,16,0,62,00,00,000,R,DEG07,160620000000,16062000,2009/01/01 00:00:00+00,DEBKGDL20000DYXL,297990.893065492,-1840655440.9683
387,4,4,1,16063,16063,160635051003,Wartburgkreis,Landkreis,43,--,nein,16,0,63,00,00,000,R,DEG0P,160630000000,16063000,2019/01/01 00:00:00+00,DEBKGDL20000E0FX,670304.552045264,-3176463169.73517
388,4,4,1,16064,16064,160640046046,Unstrut-Hainich-Kreis,Landkreis,43,--,nein,16,0,64,00,00,000,R,DEG09,160640000000,16064000,2009/01/01 00:00:00+00,DEBKGDL20000DWPU,345557.603577248,-2489063579.36406
389,4,4,1,16065,16065,160650067067,Kyffhäuserkreis,Landkreis,43,--,nein,16,0,65,00,00,000,R,DEG0A,160650000000,16065000,2009/01/01 00:00:00+00,DEBKGDL20000E3HI,436636.934852314,-2653556314.24491
390,4,4,1,16066,16066,160665050042,Schmalkalden-Meiningen,Landkreis,43,--,ja,16,0,66,00,00,000,R,DEG0B,160660000000,16066000,2019/01/01 00:00:00+00,DEBKGDL20000E2JO,456292.720980334,-3105415650.2132
391,4,4,1,16067,16067,160670029029,Gotha,Landkreis,43,--,ja,16,0,67,00,00,000,R,DEG0C,160670000000,16067000,2009/01/01 00:00:00+00,DEBKGDL20000E08K,318592.716789136,-2350625148.7326
392,4,4,1,16068,16068,160680051051,Sömmerda,Landkreis,43,--,ja,16,0,68,00,00,000,R,DEG0D,160680000000,16068000,2009/01/01 00:00:00+00,DEBKGDL20000DXI8,368180.625120714,-2048889322.85362
393,4,4,1,16069,16069,160690024024,Hildburghausen,Landkreis,43,--,ja,16,0,69,00,00,000,R,DEG0E,160690000000,16069000,2009/01/01 00:00:00+00,DEBKGDL20000DWVH,417290.363812298,-2308457975.11559
394,4,4,1,16070,16070,160700004004,Ilm-Kreis,Landkreis,43,--,nein,16,0,70,00,00,000,R,DEG0F,160700000000,16070000,2019/01/01 00:00:00+00,DEBKGDL20000E04Z,351519.388615921,-2003451461.94261
395,4,4,1,16071,16071,160710001001,Weimarer Land,Landkreis,43,--,ja,16,0,71,00,00,000,R,DEG0G,160710000000,16071000,2009/01/01 00:00:00+00,DEBKGDL20000E01G,428464.987129573,-2026060105.09742
396,4,4,1,16072,16072,160720018018,Sonneberg,Landkreis,43,--,ja,16,0,72,00,00,000,R,DEG0H,160720000000,16072000,2019/01/01 00:00:00+00,DEBKGDL20000DYQA,252982.575800373,-1133441307.85049
397,4,4,1,16073,16073,160730077077,Saalfeld-Rudolstadt,Landkreis,43,--,ja,16,0,73,00,00,000,R,DEG0I,160730000000,16073000,2019/01/01 00:00:00+00,DEBKGDL20000E6O4,456433.886274213,-2505023490.90749
398,4,4,1,16074,16074,160745052018,Saale-Holzland-Kreis,Landkreis,43,--,nein,16,0,74,00,00,000,R,DEG0J,160740000000,16074000,2009/01/01 00:00:00+00,DEBKGDL20000DZT7,373919.744416609,-2047902489.1491
399,4,4,1,16075,16075,160750098098,Saale-Orla-Kreis,Landkreis,43,--,nein,16,0,75,00,00,000,R,DEG0K,160750000000,16075000,2009/01/01 00:00:00+00,DEBKGDL20000E0F6,402102.16026408,-2852730197.79182
400,4,4,1,16076,16076,160760022022,Greiz,Landkreis,43,--,ja,16,0,76,00,00,000,R,DEG0L,160760000000,16076000,2009/01/01 00:00:00+00,DEBKGDL20000E65V,456279.660794785,-2110865230.89281
401,4,4,1,16077,16077,160770001001,Altenburger Land,Landkreis,43,--,ja,16,0,77,00,00,000,R,DEG0M,160770000000,16077000,2014/02/01 00:00:00+00,DEBKGDL20000E3TM,252554.292530711,-1433290717.76977
402,4,2,1,01001,01001,010010000000,Flensburg,Kreisfreie Stadt,40,--,ja,01,0,01,00,00,000,R,DEF01,010010000000,01001000,2008/01/01 00:00:00+00,DEBKGDL20000E5M9,34484.5735867845,-22907701.4133502
403,4,2,1,01002,01002,010020000000,Kiel,Kreisfreie Stadt,40,--,ja,01,0,02,00,00,000,R,DEF02,010020000000,01002000,2006/01/01 00:00:00+00,DEBKGDL20000001T,59118.9467101088,-21656672.5392663
404,4,2,1,01051,01051,010510044044,Dithmarschen,Kreis,42,--,ja,01,0,51,00,00,000,R,DEF05,010510000000,01051000,2011/08/01 00:00:00+00,DEBKGDL20000004U,11784.7172845108,-976731.466667081
405,4,2,1,01051,01051,010510044044,Dithmarschen,Kreis,42,--,ja,01,0,51,00,00,000,R,DEF05,010510000000,01051000,2011/08/01 00:00:00+00,DEBKGDL20000QMS5,47263.0835663487,-43289274.9378032
406,4,2,1,01054,01054,010540056056,Nordfriesland,Kreis,42,--,ja,01,0,54,00,00,000,R,DEF07,010540000000,01054000,2016/01/01 00:00:00+00,DEBKGDL20000E647,15223.8931509275,-1570379.18129892
407,4,2,1,01055,01055,010550012012,Ostholstein,Kreis,42,--,ja,01,0,55,00,00,000,R,DEF08,010550000000,01055000,2010/01/01 00:00:00+00,DEBKGDL20000E6K0,70917.124161985,-22653006.1002501
408,4,2,1,01056,01056,010560039039,Pinneberg,Kreis,42,--,ja,01,0,56,00,00,000,R,DEF09,010560000000,01056000,2009/01/01 00:00:00+00,DEBKGDL20000004L,14548.4236589376,-7221691.56281942
409,4,2,1,01056,01056,010560039039,Pinneberg,Kreis,42,--,ja,01,0,56,00,00,000,R,DEF09,010560000000,01056000,2009/01/01 00:00:00+00,DEBKGDL20000QMSC,129288.101018446,-66062756.0352998
410,4,2,1,01057,01057,010570057057,Plön,Kreis,42,--,ja,01,0,57,00,00,000,R,DEF0A,010570000000,01057000,2009/01/01 00:00:00+00,DEBKGDL20000E55H,7305.24826805289,-1170124.99933512
411,4,2,1,01058,01058,010580135135,Rendsburg-Eckernförde,Kreis,42,--,ja,01,0,58,00,00,000,R,DEF0B,010580000000,01058000,2014/02/01 00:00:00+00,DEBKGDL20000002N,142796.249212036,-56730975.3699396
412,4,2,1,01059,01059,010590075075,Schleswig-Flensburg,Kreis,42,--,ja,01,0,59,00,00,000,R,DEF0C,010590000000,01059000,2016/01/01 00:00:00+00,DEBKGDL20000004W,361063.51295439,-239336182.565751
413,4,2,1,01061,01061,010610046046,Steinburg,Kreis,42,--,ja,01,0,61,00,00,000,R,DEF0E,010610000000,01061000,2009/01/01 00:00:00+00,DEBKGDL20000QMS9,128369.389281704,-106921802.455846
414,4,2,1,02000,02000,020000000000,Hamburg,Kreisfreie Stadt,40,--,ja,02,0,00,00,00,000,R,DE600,020000000000,02000000,1974/01/01 00:00:00+00,DEBKGDL20000QMSB,35718.19853903,-28089116.314462
415,4,2,1,03352,03352,033520011011,Cuxhaven,Landkreis,43,--,ja,03,3,52,00,00,000,K,DE932,033520000000,03352000,2010/01/01 00:00:00+00,DEBKGDL20000Y0O9,2617.40189414955,-285060.988152299
416,4,2,1,03359,03359,033590038038,Stade,Landkreis,43,--,ja,03,3,59,00,00,000,K,DE939,033590000000,03359000,2009/01/01 00:00:00+00,DEBKGDL20000QMS8,228335.704754047,-169462870.733339
417,4,2,1,03402,03402,034020000000,Emden,Kreisfreie Stadt,40,--,ja,03,4,02,00,00,000,K,DE942,034020000000,03402000,2004/12/31 00:00:00+00,DEBKGDL20000HEZD,11834.3452503234,-1692972.20806166
418,4,2,1,03405,03405,034050000000,Wilhelmshaven,Kreisfreie Stadt,40,--,ja,03,4,05,00,00,000,K,DE945,034050000000,03405000,2005/04/23 00:00:00+00,DEBKGDL20000E65T,6681.29350208792,-2250221.51758287
419,4,2,1,03452,03452,034520001001,Aurich,Landkreis,43,--,ja,03,4,52,00,00,000,K,DE947,034520000000,03452000,2009/01/01 00:00:00+00,DEBKGDL20000004D,18634.3469506249,-1783844.3766776
420,4,2,1,03455,03455,034550007007,Friesland,Landkreis,43,--,ja,03,4,55,00,00,000,K,DE94A,034550000000,03455000,2009/01/01 00:00:00+00,DEBKGDL20000DZJ6,5011.68117625028,-363033.2982323
421,4,2,1,03457,03457,034570013013,Leer,Landkreis,43,--,ja,03,4,57,00,00,000,K,DE94C,034570000000,03457000,2009/01/01 00:00:00+00,DEBKGDL20000E5KD,14769.0349490741,-3148785.94072958
422,4,2,1,03457,03457,034570013013,Leer,Landkreis,43,--,ja,03,4,57,00,00,000,K,DE94C,034570000000,03457000,2009/01/01 00:00:00+00,DEBKGDL20000003W,52517.8581850066,-57658775.0162544
423,4,2,1,03462,03462,034620019019,Wittmund,Landkreis,43,--,ja,03,4,62,00,00,000,K,DE94H,034620000000,03462000,2009/01/01 00:00:00+00,DEBKGDL20000004O,8189.67821425013,-1584739.70856954
424,4,2,1,04011,04011,040110000000,Bremen,Kreisfreie Stadt,40,--,ja,04,0,11,00,00,000,R,DE501,040110000000,04011000,2002/01/01 00:00:00+00,DEBKGDL20000003K,18736.9880262238,-1292593.56634769
425,4,2,1,04012,04012,040120000000,Bremerhaven,Kreisfreie Stadt,40,--,ja,04,0,12,00,00,000,R,DE502,040120000000,04012000,2010/01/01 00:00:00+00,DEBKGDL20000DYHH,47432.0948878715,-49169629.8662731
426,4,2,1,08335,08335,083355004043,Konstanz,Landkreis,43,--,ja,08,3,35,00,00,000,R,DE138,083350000000,08335000,2009/01/01 00:00:00+00,DEBKGDL20000JP21,11979.2376827327,-692305.5770847
427,4,2,1,13003,13003,130030000000,Rostock,Kreisfreie Stadt,40,--,ja,13,0,03,00,00,000,R,DE803,130030000000,13003000,2007/01/01 00:00:00+00,DEBKGDL20000003J,92134.629629308,-35540829.1544939
428,4,2,1,13072,13072,130720043043,Rostock,Landkreis,43,--,ja,13,0,72,00,00,000,R,DE80K,130720000000,13072000,2011/09/04 00:00:00+00,DEBKGDL20000SRLP,2510.99287620135,-309970.303852562
429,4,2,1,13073,13073,130730088088,Vorpommern-Rügen,Landkreis,43,--,ja,13,0,73,00,00,000,R,DE80L,130730000000,13073000,2011/09/04 00:00:00+00,DEBKGDL20000QGFU,168064.66611845,-148139261.591957
430,4,2,1,13074,13074,130740087087,Nordwestmecklenburg,Landkreis,43,--,ja,13,0,74,00,00,000,R,DE80M,130740000000,13074000,2011/09/04 00:00:00+00,DEBKGDL20000QGFR,15144.3150794678,-1433678.08699011
431,4,2,1,13075,13075,130750039039,Vorpommern-Greifswald,Landkreis,43,--,ja,13,0,75,00,00,000,R,DE80N,130750000000,13075000,2011/09/04 00:00:00+00,DEBKGDL20000QGHV,254757.224288141,-451692083.804732
